{
 "analysis": {
  "a1_nonvacuous": 67,
  "a1_nonvacuous_r3": 26,
  "a1_pair_concordant_yes": 6,
  "a1_pair_union_yes": 14,
  "a1_pass_reported_only": false,
  "a1_precision": 0.07142857142857142,
  "a1_r1_yes": 0,
  "a1_r3_yes": 4,
  "a1_r4_yes": 2,
  "a1_wilson_lb": 0.033145358330644366,
  "a1_wilson_ub": 0.14719744052547845,
  "a1_yes": 6,
  "a1_yes_pB": 14,
  "a2_nonvacuous": 83,
  "a2_nonvacuous_r3": 42,
  "a2_pair_concordant_yes": 19,
  "a2_pair_union_yes": 28,
  "a2_pass": false,
  "a2_precision": 0.2619047619047619,
  "a2_r1_yes": 1,
  "a2_r3_yes": 13,
  "a2_r4_yes": 8,
  "a2_wilson_lb": 0.1797835031577335,
  "a2_wilson_ub": 0.364851385095668,
  "a2_yes": 22,
  "a2_yes_pB": 25,
  "a3_nonvacuous": 83,
  "a3_nonvacuous_r3": 42,
  "a3_pair_concordant_yes": 20,
  "a3_pair_union_yes": 31,
  "a3_precision": 0.2857142857142857,
  "a3_r1_yes": 4,
  "a3_r3_yes": 12,
  "a3_r4_yes": 8,
  "a3_wilson_lb": 0.20014898610655452,
  "a3_wilson_ub": 0.3900224133215068,
  "a3_yes": 24,
  "a3_yes_pB": 27,
  "ac1_a1": 0.865222623345367,
  "ac1_a2": 0.8205341246290803,
  "ac1_a3": 0.7694898341025321,
  "ac1_indep_a1": 0.5784195748094667,
  "ac1_indep_a2": 0.32391691394658767,
  "ac1_indep_a3": 0.2386179368841212,
  "agreement_raw_a1": 76,
  "agreement_raw_a2": 75,
  "agreement_raw_a3": 73,
  "baseline_precision": 0.39285714285714285,
  "baseline_yes": 33,
  "breadth_confound": false,
  "decisive_min_fraction": 1.0,
  "delta_a2": -0.13095238095238096,
  "delta_a3": -0.10714285714285714,
  "forbidden_effects_ok": true,
  "go_bfo_sumo_only": false,
  "go_combined": false,
  "hedgeflip_false_sat_max": 0.0,
  "kappa_a1": 0.6803044719314937,
  "kappa_a2": 0.7345505617977529,
  "kappa_a3": 0.6972477064220184,
  "mcnemar_a2_b": 27,
  "mcnemar_a2_c": 16,
  "mcnemar_a2_p": 0.12628947438543037,
  "mcnemar_a3_b": 24,
  "mcnemar_a3_c": 15,
  "mcnemar_a3_p": 0.19959086691960692,
  "mcnemar_a3_vs_a1_b": 4,
  "mcnemar_a3_vs_a1_c": 22,
  "mcnemar_a3_vs_a1_p": 0.0005335211753845215,
  "mcnemar_a3_vs_a1_r3_b": 2,
  "mcnemar_a3_vs_a1_r3_c": 10,
  "mcnemar_a3_vs_a1_r3_p": 0.03857421875,
  "n_items": 84,
  "no_go": true,
  "p_neg_a1": 0.9420289855072463,
  "p_neg_a2": 0.9256198347107438,
  "p_neg_a3": 0.9043478260869565,
  "p_pos_a1": 0.7333333333333333,
  "p_pos_a2": 0.8085106382978723,
  "p_pos_a3": 0.7924528301886793,
  "pabak_a1": 0.8095238095238095,
  "pabak_a2": 0.7857142857142858,
  "pabak_a3": 0.7380952380952381,
  "pilot_a_no_b_yes": 2,
  "pilot_a_yes_b_no": 0,
  "pilot_ac1_a3": 0.9038461538461537,
  "pilot_ac1_indep": 0.0745192307692309,
  "pilot_agreement": 38,
  "pilot_both_no": 15,
  "pilot_both_yes": 23,
  "pilot_cal_correct": 16,
  "pilot_decisive_min": 40,
  "pilot_hedgeflip_false_sat_max": 0.0,
  "pilot_kappa_a3": 0.896103896103896,
  "pilot_n_items": 40,
  "pilot_p_neg": 0.9375,
  "pilot_p_pos": 0.9583333333333334,
  "pilot_pabak_a3": 0.8999999999999999,
  "primary_pass": false,
  "probe_false_sat_max": 0.0,
  "rider": "PROVISIONAL-ON-LLM-PROXY; same 84 self-authored kernel-v0 slots; point-estimate engineering gate, not statistical superiority; soft non-binding typing only -- never hard laws; no feasibility conclusion",
  "sep_a2_pass": true,
  "sep_a3_pass": true
 },
 "gates": {
  "informative_valid": true,
  "instrument_valid": true,
  "pilot_valid": true
 }
}
