{
 "L": 24,
 "abort_reason": null,
 "aborted": false,
 "acc_text_only": 0.791231732776618,
 "alpha_ladder": [
  0.125,
  0.25,
  0.5,
  1.0
 ],
 "alpha_star": 1.0,
 "alpha_table": {
  "0.125": {
   "collapse": 0.0,
   "n": 64
  },
  "0.25": {
   "collapse": 0.0,
   "n": 64
  },
  "0.5": {
   "collapse": 0.0,
   "n": 64
  },
  "1": {
   "collapse": 0.015625,
   "n": 64
  }
 },
 "baseline_margin": {
  "mean": 0.6195788168735453,
  "median": 0.3023800849914551,
  "n": 300
 },
 "batch_size": 16,
 "c100_item_ids": [
  "clutrr-c0003",
  "clutrr-c0008",
  "clutrr-c0015",
  "clutrr-c0034",
  "clutrr-c0053",
  "clutrr-c0091",
  "clutrr-c0113",
  "clutrr-c0126",
  "clutrr-c0129",
  "clutrr-c0140",
  "clutrr-c0142",
  "clutrr-c0147",
  "clutrr-c0153",
  "clutrr-c0158",
  "clutrr-c0176",
  "clutrr-c0181",
  "clutrr-c0183",
  "clutrr-c0198",
  "clutrr-c0229",
  "clutrr-c0246",
  "clutrr-c0254",
  "clutrr-c0267",
  "clutrr-c0271",
  "clutrr-c0272",
  "clutrr-c0283",
  "clutrr-c0291",
  "clutrr-c0298",
  "clutrr-c0300",
  "clutrr-c0304",
  "clutrr-c0311",
  "clutrr-c0314",
  "clutrr-c0315",
  "clutrr-c0325",
  "clutrr-c0327",
  "clutrr-c0350",
  "clutrr-c0353",
  "clutrr-c0359",
  "clutrr-c0363",
  "clutrr-c0387",
  "clutrr-c0419",
  "clutrr-c0426",
  "clutrr-c0431",
  "clutrr-c0442",
  "clutrr-c0446",
  "clutrr-c0448",
  "clutrr-c0465",
  "clutrr-c0469",
  "clutrr-c0479",
  "clutrr-c0499",
  "clutrr-c0515",
  "clutrr-c0520",
  "clutrr-c0526",
  "clutrr-c0533",
  "clutrr-c0539",
  "clutrr-c0551",
  "clutrr-c0554",
  "clutrr-c0555",
  "clutrr-c0574",
  "clutrr-c0578",
  "clutrr-c0581",
  "clutrr-c0586",
  "clutrr-c0595",
  "clutrr-c0599",
  "clutrr-c0601",
  "clutrr-c0607",
  "clutrr-c0612",
  "clutrr-c0622",
  "clutrr-c0623",
  "clutrr-c0638",
  "clutrr-c0643",
  "clutrr-c0648",
  "clutrr-c0663",
  "clutrr-c0679",
  "clutrr-c0686",
  "clutrr-c0692",
  "clutrr-c0711",
  "clutrr-c0715",
  "clutrr-c0719",
  "clutrr-c0729",
  "clutrr-c0731",
  "clutrr-c0772",
  "clutrr-c0783",
  "clutrr-c0797",
  "clutrr-c0810",
  "clutrr-c0813",
  "clutrr-c0832",
  "clutrr-c0856",
  "clutrr-c0858",
  "clutrr-h0008",
  "clutrr-h0012",
  "clutrr-h0022",
  "clutrr-h0026",
  "clutrr-h0036",
  "clutrr-h0045",
  "clutrr-h0046",
  "clutrr-h0049",
  "clutrr-h0056",
  "clutrr-h0063",
  "clutrr-h0083",
  "clutrr-h0088"
 ],
 "coin_bit_recipe": "int(sha256('20260712|item_id|lh|lt').hexdigest(),16)&1",
 "d_model": 2048,
 "elapsed_s": 739.808632850647,
 "floor": 0.7,
 "gate": "BPRIME2",
 "gpu_h_estimate": 0.206,
 "grid": {
  "LH": [
   12,
   16,
   20
  ],
  "LT": [
   8,
   12,
   16
  ],
  "cells_sweep_order": [
   [
    16,
    12
   ],
   [
    12,
    8
   ],
   [
    12,
    12
   ],
   [
    12,
    16
   ],
   [
    16,
    8
   ],
   [
    16,
    16
   ],
   [
    20,
    8
   ],
   [
    20,
    12
   ],
   [
    20,
    16
   ]
  ],
  "pivot": [
   16,
   12
  ]
 },
 "hard_caps": {
  "gpu_h": 10,
  "usd": 25,
  "wall_h": 12
 },
 "headroom_ok": true,
 "input_pins": {
  "headroom_jsonl_sha256": "8b8e99e48cce5fd40a8b7e858b4b75730c9a2d66e9237034f0d3b3b4468c4d8d",
  "items_jsonl_sha256": "0e1f5c6bad6f97b575e3c354803713c3efef2a25cf76a9745e79b3d584f5839e"
 },
 "model": "HuggingFaceTB/SmolLM2-1.7B-Instruct",
 "model_commit": "31b70e2e869a7173562077fd711b654946d38674",
 "n_c100": 100,
 "n_ccal": 32,
 "n_failures": 200,
 "n_items": 958,
 "n_rows": 14914,
 "n_scored": 958,
 "n_swept": 200,
 "partial": false,
 "partial_reason": null,
 "per_cell_metrics": {
  "12_12": {
   "keyacc_coin": 0.43,
   "keyacc_real": 0.42,
   "keyacc_role": 0.58,
   "mdiff_coin": {
    "mean": -0.20023345994541386,
    "median": -0.1745264295477682,
    "n": 200
   },
   "mdiff_real": {
    "mean": -0.20882670103433157,
    "median": -0.26074767112731934,
    "n": 200
   },
   "mdiff_role": {
    "mean": 0.34231823303201736,
    "median": 0.24355752400879283,
    "n": 200
   },
   "n": 200,
   "ties": {
    "coin": 0,
    "real": 0,
    "role": 0
   }
  },
  "12_16": {
   "keyacc_coin": 0.51,
   "keyacc_real": 0.81,
   "keyacc_role": 0.595,
   "mdiff_coin": {
    "mean": 0.10325907622713203,
    "median": 0.06379348039627075,
    "n": 200
   },
   "mdiff_real": {
    "mean": 2.8168482857756136,
    "median": 2.693921387195587,
    "n": 200
   },
   "mdiff_role": {
    "mean": 0.5905600451475038,
    "median": 0.5681526630578446,
    "n": 200
   },
   "n": 200,
   "ties": {
    "coin": 0,
    "real": 0,
    "role": 0
   }
  },
  "12_8": {
   "keyacc_coin": 0.455,
   "keyacc_real": 0.45,
   "keyacc_role": 0.55,
   "mdiff_coin": {
    "mean": -0.24618846154064614,
    "median": -0.18477010806418548,
    "n": 200
   },
   "mdiff_real": {
    "mean": 0.050269630894877085,
    "median": -0.23510265350341797,
    "n": 200
   },
   "mdiff_role": {
    "mean": 0.18117941698623782,
    "median": 0.1914594888803549,
    "n": 200
   },
   "n": 200,
   "ties": {
    "coin": 0,
    "real": 0,
    "role": 0
   }
  },
  "16_12": {
   "keyacc_coin": 0.455,
   "keyacc_real": 0.46,
   "keyacc_role": 0.58,
   "mdiff_coin": {
    "mean": -0.13891765701527448,
    "median": -0.10946937516564503,
    "n": 200
   },
   "mdiff_real": {
    "mean": -0.24405793569108028,
    "median": -0.20688223838806152,
    "n": 200
   },
   "mdiff_role": {
    "mean": 0.2509420994596644,
    "median": 0.22280240058898926,
    "n": 200
   },
   "n": 200,
   "ties": {
    "coin": 0,
    "real": 0,
    "role": 0
   }
  },
  "16_16": {
   "keyacc_coin": 0.505,
   "keyacc_real": 0.85,
   "keyacc_role": 0.58,
   "mdiff_coin": {
    "mean": -0.06584827434409818,
    "median": 0.006011009216308594,
    "n": 200
   },
   "mdiff_real": {
    "mean": 2.8037851352124563,
    "median": 2.0484557151794434,
    "n": 200
   },
   "mdiff_role": {
    "mean": 0.8116853658302352,
    "median": 0.6503510709735565,
    "n": 200
   },
   "n": 200,
   "ties": {
    "coin": 0,
    "real": 0,
    "role": 0
   }
  },
  "16_8": {
   "keyacc_coin": 0.465,
   "keyacc_real": 0.495,
   "keyacc_role": 0.5,
   "mdiff_coin": {
    "mean": 0.002462250535384101,
    "median": -0.07964181900024414,
    "n": 200
   },
   "mdiff_real": {
    "mean": 0.0643169876619504,
    "median": -0.07232551714150759,
    "n": 200
   },
   "mdiff_role": {
    "mean": -0.03282049284622872,
    "median": 0.000925011423532851,
    "n": 200
   },
   "n": 200,
   "ties": {
    "coin": 0,
    "real": 0,
    "role": 0
   }
  },
  "20_12": {
   "keyacc_coin": 0.52,
   "keyacc_real": 0.5,
   "keyacc_role": 0.525,
   "mdiff_coin": {
    "mean": -0.1161927320299128,
    "median": 0.043276548955873295,
    "n": 200
   },
   "mdiff_real": {
    "mean": 0.09729387613195513,
    "median": 0.011506378933745509,
    "n": 200
   },
   "mdiff_role": {
    "mean": 0.27528013139354696,
    "median": 0.1658153533935547,
    "n": 200
   },
   "n": 200,
   "ties": {
    "coin": 0,
    "real": 0,
    "role": 0
   }
  },
  "20_16": {
   "keyacc_coin": 0.505,
   "keyacc_real": 0.605,
   "keyacc_role": 0.59,
   "mdiff_coin": {
    "mean": 0.13554471490422884,
    "median": 0.09708356857299805,
    "n": 200
   },
   "mdiff_real": {
    "mean": 0.9465338916154861,
    "median": 0.6844463412999175,
    "n": 200
   },
   "mdiff_role": {
    "mean": 0.52192473878398,
    "median": 0.6419245600700378,
    "n": 200
   },
   "n": 200,
   "ties": {
    "coin": 0,
    "real": 0,
    "role": 0
   }
  },
  "20_8": {
   "keyacc_coin": 0.465,
   "keyacc_real": 0.495,
   "keyacc_role": 0.51,
   "mdiff_coin": {
    "mean": 0.04933512741219147,
    "median": -0.07663774490356445,
    "n": 200
   },
   "mdiff_real": {
    "mean": 0.10416286283171758,
    "median": -0.03970050811767578,
    "n": 200
   },
   "mdiff_role": {
    "mean": -0.00875729499751742,
    "median": 0.014449049311224371,
    "n": 200
   },
   "n": 200,
   "ties": {
    "coin": 0,
    "real": 0,
    "role": 0
   }
  }
 },
 "phase": "exploratory",
 "repro_agree": 958,
 "repro_disagreements": [],