{"analysis":{"kappa":0.6429872495446267,"litmus_promise_recovered":true,"n_gold":84,"partition_residue_ok":true,"precision":0.39285714285714285,"sidecar_conflict":false,"wilson_lb":0.3098574237770816,"wilson_ub":0.4825445459822287},"gates":{"instrument_valid":false}}
