{
  "artifact": "e9-e5-committed-summary",
  "source": "poc/e5/results-incoming/20260707-140918-modal/results-e5.json (committed)",
  "outcome": "PASS",
  "armSeed": {
    "shuffled-seed0": {
      "nonceAcc": 0.15833333333333333,
      "seenAcc": 0.65
    },
    "shuffled-seed1": {
      "nonceAcc": 0.20833333333333334,
      "seenAcc": 0.708
    },
    "shuffled-seed2": {
      "nonceAcc": 0.2,
      "seenAcc": 0.664
    },
    "shuffled-seed3": {
      "nonceAcc": 0.15,
      "seenAcc": 0.704
    },
    "shuffled-seed4": {
      "nonceAcc": 0.18333333333333332,
      "seenAcc": 0.7
    },
    "true-seed0": {
      "nonceAcc": 0.475,
      "seenAcc": 0.77
    },
    "true-seed1": {
      "nonceAcc": 0.4583333333333333,
      "seenAcc": 0.798
    },
    "true-seed2": {
      "nonceAcc": 0.425,
      "seenAcc": 0.802
    },
    "true-seed3": {
      "nonceAcc": 0.4583333333333333,
      "seenAcc": 0.76
    },
    "true-seed4": {
      "nonceAcc": 0.5083333333333333,
      "seenAcc": 0.822
    }
  }
}
