{"analysis":{"escape_rates":{"judge-pA":{"pass_a_cannot_say":0.005,"pass_a_nolabel":0.0,"pass_b_cannot_say":0.0,"pass_b_nolabel":0.0},"judge-pB":{"pass_a_cannot_say":0.025,"pass_a_nolabel":0.0,"pass_b_cannot_say":0.0,"pass_b_nolabel":0.0}},"failing_cid_histogram":{"c1":38,"c2":59,"c3":40,"c4":52,"c5":15},"kappa_pair":0.5616239090187781,"n_dual_decisive":195,"n_instances":200,"necessity_concordant_wilson_lb":0.14333614589524335,"necessity_concordant_wilson_ub":0.23452803401530825,"necessity_rate_concordant":0.18461538461538463,"necessity_rate_union":0.358974358974359,"necessity_union_wilson_lb":0.30475041311674333,"necessity_union_wilson_ub":0.41705877302212124,"per_judge_necessity_rates":{"judge-pA":0.24102564102564103,"judge-pB":0.30256410256410254},"per_judge_sufficiency_rates":{"judge-pA":0.10256410256410256,"judge-pB":0.08205128205128205},"probe_false_satisfaction_rates":{"judge-pA":0.03333333333333333,"judge-pB":0.03333333333333333},"proxy_fail":true,"proxy_pass":false,"sufficiency_concordant_wilson_lb":0.03481581485915146,"sufficiency_concordant_wilson_ub":0.09014762517764056,"sufficiency_equivalence_survives_proxy":false,"sufficiency_rate_concordant":0.05641025641025641,"sufficiency_rate_union":0.1282051282051282,"sufficiency_union_wilson_lb":0.09385175261652254,"sufficiency_union_wilson_ub":0.17273610174957482},"gates":{"adjudication_valid":true,"probe_valid":true}}
