{
 "analysis": {
  "a1_nonvacuous": 67,
  "a1_nonvacuous_r3": 26,
  "a1_pair_concordant_yes": 26,
  "a1_pair_union_yes": 34,
  "a1_pass_reported_only": false,
  "a1_precision": 0.3333333333333333,
  "a1_r1_yes": 2,
  "a1_r3_yes": 12,
  "a1_r4_yes": 14,
  "a1_wilson_lb": 0.24177064973177226,
  "a1_wilson_ub": 0.4394737720456087,
  "a1_yes": 28,
  "a1_yes_pB": 32,
  "a2_nonvacuous": 83,
  "a2_nonvacuous_r3": 42,
  "a2_pair_concordant_yes": 44,
  "a2_pair_union_yes": 53,
  "a2_pass": true,
  "a2_precision": 0.5714285714285714,
  "a2_r1_yes": 5,
  "a2_r3_yes": 25,
  "a2_r4_yes": 18,
  "a2_wilson_lb": 0.4647675967027547,
  "a2_wilson_ub": 0.6718419368212247,
  "a2_yes": 48,
  "a2_yes_pB": 49,
  "a3_nonvacuous": 83,
  "a3_nonvacuous_r3": 42,
  "a3_pair_concordant_yes": 45,
  "a3_pair_union_yes": 56,
  "a3_precision": 0.6190476190476191,
  "a3_r1_yes": 5,
  "a3_r3_yes": 28,
  "a3_r4_yes": 19,
  "a3_wilson_lb": 0.5121524397704628,
  "a3_wilson_ub": 0.7155301161028365,
  "a3_yes": 52,
  "a3_yes_pB": 49,
  "ac1_a1": 0.8104906937394247,
  "ac1_a2": 0.7923362175525341,
  "ac1_a3": 0.7508426587569099,
  "ac1_indep_a1": 0.00789622109419061,
  "ac1_indep_a2": 0.06166735338552405,
  "ac1_indep_a3": 0.0961305109882702,
  "agreement_raw_a1": 76,
  "agreement_raw_a2": 75,
  "agreement_raw_a3": 73,
  "baseline_precision": 0.39285714285714285,
  "baseline_yes": 33,
  "breadth_confound": false,
  "decisive_min_fraction": 1.0,
  "delta_a2": 0.17857142857142858,
  "delta_a3": 0.2261904761904762,
  "forbidden_effects_ok": true,
  "go_bfo_sumo_only": false,
  "go_combined": true,
  "hedgeflip_false_sat_max": 0.0,
  "kappa_a1": 0.808982376350199,
  "kappa_a2": 0.778688524590164,
  "kappa_a3": 0.7243436754176611,
  "mcnemar_a2_b": 17,
  "mcnemar_a2_c": 32,
  "mcnemar_a2_p": 0.04438416098714981,
  "mcnemar_a3_b": 15,
  "mcnemar_a3_c": 34,
  "mcnemar_a3_p": 0.009399241523873059,
  "mcnemar_a3_vs_a1_b": 9,
  "mcnemar_a3_vs_a1_c": 33,
  "mcnemar_a3_vs_a1_p": 0.00027153923429068527,
  "mcnemar_a3_vs_a1_r3_b": 4,
  "mcnemar_a3_vs_a1_r3_c": 20,
  "mcnemar_a3_vs_a1_r3_p": 0.001543879508972168,
  "n_items": 84,
  "no_go": false,
  "p_neg_a1": 0.9111111111111111,
  "p_neg_a2": 0.8695652173913043,
  "p_neg_a3": 0.8307692307692308,
  "p_pos_a1": 0.8974358974358975,
  "p_pos_a2": 0.9090909090909091,
  "p_pos_a3": 0.8932038834951457,
  "pabak_a1": 0.8095238095238095,
  "pabak_a2": 0.7857142857142858,
  "pabak_a3": 0.7380952380952381,
  "pilot_a_no_b_yes": 2,
  "pilot_a_yes_b_no": 0,
  "pilot_ac1_a3": 0.9038461538461537,
  "pilot_ac1_indep": 0.0745192307692309,
  "pilot_agreement": 38,
  "pilot_both_no": 15,
  "pilot_both_yes": 23,
  "pilot_cal_correct": 12,
  "pilot_decisive_min": 40,
  "pilot_hedgeflip_false_sat_max": 0.0,
  "pilot_kappa_a3": 0.896103896103896,
  "pilot_n_items": 40,
  "pilot_p_neg": 0.9375,
  "pilot_p_pos": 0.9583333333333334,
  "pilot_pabak_a3": 0.8999999999999999,
  "primary_pass": true,
  "probe_false_sat_max": 0.0,
  "rider": "PROVISIONAL-ON-LLM-PROXY; same 84 self-authored kernel-v0 slots; point-estimate engineering gate, not statistical superiority; soft non-binding typing only -- never hard laws; no feasibility conclusion",
  "sep_a2_pass": true,
  "sep_a3_pass": true
 },
 "gates": {
  "informative_valid": true,
  "instrument_valid": true,
  "pilot_valid": true
 }
}
