{"analysis": {"f_verification_rate": 0.050359712230215826, "fragment_rate": 0.0, "fragment_wilson_lb": 0.0, "fragment_wilson_ub": 0.002698722190285034, "location_rate": 0.1282051282051282, "location_wilson_lb": 0.0638193834750099, "location_wilson_ub": 0.24083743769171598, "n_location_targets": 39, "n_mathlib_decls": 1000, "roundtrip_holds": true}, "gates": {"instrument_valid": true}}
