{"analysis":{"acc_r2_gloss":0.14333333333333334,"acc_r2_gloss_v":0.15888888888888889,"acc_r2_gloss_v_deranged":0.1333333333333334,"acc_r2_nl":0.14333333333333334,"acc_r2_nl_ttc":0.14444444444444446,"acc_r2_plain":0.12666666666666668,"acc_r2_plain_v":0.15444444444444444,"acc_r3_gloss":0.15333333333333332,"acc_r3_gloss_v":0.1633333333333333,"acc_r3_nl":0.15666666666666668,"acc_r3_plain":0.17333333333333334,"acc_r3_plain_v":0.21000000000000013,"attr_delta":0.0044444444444444444,"attr_delta_lcb95":-0.022222222222222223,"attr_delta_ucb95":0.031111111111111107,"attr_tost_pass":true,"coprimary_ni_pass":null,"cost_condition_gloss":null,"cost_condition_plain":null,"cost_r2_gloss_v":1.3272942973358346e+16,"cost_r2_plain_v":2604336294361846.5,"cost_r3_nl":4113258589913088.0,"cost_ratio_gloss_v_vs_r3_nl":3.2268681103365298,"deflator_delta_gloss":0.014444444444444444,"deflator_delta_gloss_lcb95":-0.023333333333333314,"deflator_delta_plain":0.009999999999999998,"deflator_delta_plain_lcb95":-0.01999999999999999,"deranged_benefit_collapse":true,"deranged_delta":-0.02555555555555555,"deranged_delta_ucb95":-0.014444444444444447,"engagement_attempt0_reject_rate":0.8633333333333333,"engagement_decidable_fraction":0.75,"engagement_final_differs_attempt0":881,"holm":{"m2_sign_gloss":false,"m2_sign_gloss_p":0.48265173482651735,"m2_sign_plain":false,"m2_sign_plain_p":0.7911208879112088,"ni_gloss":null,"ni_plain":null},"interaction_gloss":0.0033333333333333335,"interaction_gloss_lcb95":-0.04666666666666667,"interaction_gloss_p":0.48265173482651735,"interaction_gloss_von":0.008888888888888892,"interaction_gloss_von_lcb95":-0.03888888888888889,"interaction_plain":-0.03333333333333333,"interaction_plain_lcb95":-0.10666666666666667,"interaction_plain_p":0.7911208879112088,"interaction_plain_von":-0.042222222222222244,"interaction_plain_von_lcb95":-0.10777777777777779,"k1_fired":false,"k2_fired":false,"kernel_attribution_dead":true,"n_eval_items":300,"ni_delta_gloss":0.00222222222222222,"ni_delta_gloss_lcb95":-0.04000000000000001,"ni_delta_plain":-0.002222222222222235,"ni_delta_plain_lcb95":-0.03222222222222222,"ni_margin":0.05,"primary_reject":false,"retry_overhead_r_gloss":1.5436825171572313,"retry_overhead_r_plain":1.5935623478783132,"rho_in_gloss":3.933742504149899,"rho_in_plain":1.0467545036353725,"rider":"SELF-AUTHORED / kernel-STYLE / engine-derived-gold rider rides every verdict sentence derived from these fields (kernel-STYLE per the executed ASM-1158 mapping, poc/casc-0/kernel-coverage.md)","seed_sign_gloss":true,"seed_sign_plain":false,"separation_gap":0.013333333333333334,"separation_lower_onesided95":-0.03666666666666667,"tost_m2_null":false,"ttc_flops_rel_gap":0.3537031161030061,"ttc_n_samples":9,"verifier_effect_r2":0.021666666666666654,"verifier_effect_r3":0.023333333333333338,"verifier_size_interaction":-0.001666666666666669,"verifier_size_interaction_lcb95":-0.01722222222222222},"gates":{"engagement_valid":true,"headroom_valid":true,"separation_valid":false,"ttc_match_valid":false}}
