{
 "A1-proposal-n200-2x2-gpt56": {
  "analysis": {
   "kappa": 0.8757935412641457,
   "n_judgments": 200,
   "necessity_rate": 0.23,
   "necessity_wilson_lb": 0.18484794399084645,
   "necessity_wilson_ub": 0.28236078845802876,
   "sufficiency_equivalence_survives": false,
   "sufficiency_rate": 0.09,
   "sufficiency_wilson_lb": 0.06195790636596083,
   "sufficiency_wilson_ub": 0.12898868735270147
  },
  "gates": {
   "instrument_valid": true
  }
 },
 "A2-proposal-n200-2x2-haiku": {
  "analysis": {
   "kappa": 0.524788081171333,
   "n_judgments": 200,
   "necessity_rate": 0.23,
   "necessity_wilson_lb": 0.18484794399084645,
   "necessity_wilson_ub": 0.28236078845802876,
   "sufficiency_equivalence_survives": false,
   "sufficiency_rate": 0.09,
   "sufficiency_wilson_lb": 0.06195790636596083,
   "sufficiency_wilson_ub": 0.12898868735270147
  },
  "gates": {
   "instrument_valid": true
  }
 },
 "A3-decisive-n192-2x2-haiku": {
  "analysis": {
   "kappa": 0.5276107162383816,
   "n_judgments": 192,
   "necessity_rate": 0.23958333333333334,
   "necessity_wilson_lb": 0.19275380622512914,
   "necessity_wilson_ub": 0.2936514038858575,
   "sufficiency_equivalence_survives": false,
   "sufficiency_rate": 0.09375,
   "sufficiency_wilson_lb": 0.06457271774111839,
   "sufficiency_wilson_ub": 0.13421941003202065
  },
  "gates": {
   "instrument_valid": false
  }
 }
}