{"analysis":{"a_j2":0.9583333333333334,"a_panel_concordant":0.9711815561959655,"endorsement_pass":true,"external_endorsement_proxy":0.95,"external_endorsement_proxy_lb":0.9275206595861619,"judge_pair_agreement_raw":0.9638888888888889,"n_escape_j1p":1,"n_items":360,"n_labelled_j1p":360,"n_nolabel_j1p":0,"panel_unresolved_fraction":0.036111111111111094,"probe_deranged_pick_rate":0.016666666666666666,"probe_false_endorse_rate":0.016666666666666666,"probe_none_rate":0.9833333333333333,"stage1_endorsement_fail":false},"gates":{"adjudication_valid":true,"probe_valid":true}}
