{
 "_schema": "kot-s4mask-manifest/1",
 "audit": {
  "arms": {
   "s4-bldf-d": {
    "cells": 4212,
    "match_rel_err": 0.009846693801932387,
    "removed_bytes_per_tok": 50252278.645833984,
    "removed_frac": 0.09713838100626308
   },
   "s4-bldr-d-r1": {
    "cells": 807,
    "match_rel_err": 0.009732140680980422,
    "removed_bytes_per_tok": 50258092.447916746,
    "removed_frac": 0.09714961916972609,
    "seed": 20260803
   },
   "s4-bldr-d-r2": {
    "cells": 773,
    "match_rel_err": 0.009672426820053029,
    "removed_bytes_per_tok": 50261123.04687507,
    "removed_frac": 0.09715547736131906,
    "seed": 20260804
   },
   "s4-bldr-d-r3": {
    "cells": 780,
    "match_rel_err": 0.009947841770454307,
    "removed_bytes_per_tok": 50247145.18229172,
    "removed_frac": 0.09712845794703298,
    "seed": 20260805
   },
   "s4-remap16": {
    "cells": 16,
    "removed_bytes_per_tok": 308935.54687500006,
    "removed_frac": 0.0005971768776938805,
    "swaps": 9
   },
   "s4-sem16": {
    "cells": 16,
    "removed_bytes_per_tok": 308935.54687500006,
    "removed_frac": 0.0005971768776938805
   },
   "s4-semd": {
    "cells": 426,
    "removed_bytes_per_tok": 50752018.22916668,
    "removed_frac": 0.09810438484445336,
    "tier0_used": 16,
    "tier1_used": 6
   }
  },
  "construction_kill": null,
  "decode_tokens": 3072,
  "dose_capped": false,
  "dose_frac_target": 0.1,
  "io_min_frac": 0.02,
  "match_tol": 0.02,
  "pass_dose_frac": 0.08,
  "tier": "M",
  "total_expert_miss_bytes_per_tok": 517326705.72915894
 },
 "files": {
  "s4-bldf-d.mask": "dda0ba54eac9ffa338d83fe48b91a1044a1bc959ad4ca2a1a74c01d585ff3e65",
  "s4-bldr-d-r1.mask": "a207879f1123207f49d0ba22673f152e5474fb6d7abc047353dff33c4891d0b2",
  "s4-bldr-d-r2.mask": "e4f79b4bb005bae33da9ea5a13566f7e9945e487f8476b42595fd1480ccf73df",
  "s4-bldr-d-r3.mask": "d610f721aebfd20cb4c5d717198b2cd400f6599a38873d589c886c126e732433",
  "s4-remap16.mask": "c8deb045bb41dcde04dd7351c6407c11a4b8b44ee68f084cb35da8566ead5c57",
  "s4-sem16.mask": "bf8a72f45fd559766ff1e8b660cbf3ff523654761b1bad5a72882eae269d3fe7",
  "s4-semd.mask": "1977cd91de125630225285d493d7ccaa854431a0da58864c0fcbcad004b5f440"
 },
 "inputs": {
  "atlas": "3adfba0f3615ea97c9a88f9e1651f1b44fd262807c1089629409504c85d022b6",
  "stage3": "0cd31210883d0035a1fc7c9780105114559975eb2859bd34baee44fd63679d8a",
  "telemetry": "0f6d6dff8a4846da13bb2745dcf82b8a9838fe93883fac526f109df50ad0ccb9"
 }
}
