{
  "store": "native512lex",
  "D": 512,
  "classified": false,
  "wallSeconds": 87.96282799959182,
  "nnAll": {
    "n": 10000,
    "min": 0.13643083291126107,
    "p5": 0.15798426013901767,
    "p25": 0.17842294665358346,
    "median": 0.3140452924983774,
    "p75": 0.5815590149174886,
    "p95": 0.8244952490732425,
    "p99": 0.8935572517959283,
    "max": 1.0000000000000169,
    "mean": 0.3917629641352364,
    "sd": 0.2324980411318879
  },
  "pairsAbove": {
    ">0.99": 55,
    ">0.999": 55,
    ">0.9999": 55
  },
  "exactDuplicateRows": 55,
  "predictedCurveAtM": 0.1896783911731433,
  "predictedSigma": 0.044194173824159216
}