{
  "store": "native512",
  "D": 512,
  "classified": false,
  "wallSeconds": 112.1852769999504,
  "nnAll": {
    "n": 10000,
    "min": 0.13841824528717764,
    "p5": 0.15735778090365238,
    "p25": 0.1792146716005349,
    "median": 0.3841811633680727,
    "p75": 0.7740340108290201,
    "p95": 1.000000000000003,
    "p99": 1.00000000000001,
    "max": 1.0000000000000207,
    "mean": 0.4848319617933841,
    "sd": 0.32446277843115057
  },
  "pairsAbove": {
    ">0.99": 124343,
    ">0.999": 124343,
    ">0.9999": 124343
  },
  "exactDuplicateRows": 124343,
  "predictedCurveAtM": 0.1896783911731433,
  "predictedSigma": 0.044194173824159216
}