{
  "store": "proj512",
  "D": 512,
  "classified": true,
  "wallSeconds": 116.63394099998474,
  "nnAll": {
    "n": 10000,
    "min": 0.13928561164070813,
    "p5": 0.16099235398909773,
    "p25": 0.1830400193822697,
    "median": 0.385693845434903,
    "p75": 0.7721841005675019,
    "p95": 1.0000000000000016,
    "p99": 1.0000000000000024,
    "max": 1.0000000000000036,
    "mean": 0.486706409448662,
    "sd": 0.3232249220682783
  },
  "nnDisjoint": {
    "n": 10000,
    "min": 0.1379209207451335,
    "p5": 0.15226858216066022,
    "p25": 0.16205026135426198,
    "median": 0.16902152369935336,
    "p75": 0.17851758537204435,
    "p95": 0.1954460809985417,
    "p99": 0.20938227156814362,
    "max": 0.24154068376677942,
    "mean": 0.1711135817025888,
    "sd": 0.0132153334873613
  },
  "disjointPairSigma": 0.045643039726620815,
  "disjointPairMax": 0.24154068376677942,
  "disjointPairCount": 47277314,
  "pairsAbove": {
    ">0.99": 124343,
    ">0.999": 124343,
    ">0.9999": 124343
  },
  "exactDuplicateRows": 124343,
  "predictedCurveAtM": 0.1896783911731433,
  "predictedSigma": 0.044194173824159216
}