{
  "store": "proj576",
  "D": 576,
  "classified": true,
  "wallSeconds": 106.990617000103,
  "nnAll": {
    "n": 10000,
    "min": 0.1349960923970583,
    "p5": 0.15339075839223304,
    "p25": 0.1754004199288654,
    "median": 0.38670836573642764,
    "p75": 0.7718516615581711,
    "p95": 1.0000000000000018,
    "p99": 1.0000000000000027,
    "max": 1.0000000000000042,
    "mean": 0.48365248852159887,
    "sd": 0.32584104970169214
  },
  "nnDisjoint": {
    "n": 10000,
    "min": 0.12874904876916757,
    "p5": 0.1440778614152657,
    "p25": 0.15387376805206873,
    "median": 0.16207867774440254,
    "p75": 0.17225537855055198,
    "p95": 0.18616442117945675,
    "p99": 0.20190086764135137,
    "max": 0.2635069813645181,
    "mean": 0.16356136788181797,
    "sd": 0.01350447170887808
  },
  "disjointPairSigma": 0.043222597560750246,
  "disjointPairMax": 0.2635069813645181,
  "disjointPairCount": 47277314,
  "pairsAbove": {
    ">0.99": 124343,
    ">0.999": 124343,
    ">0.9999": 124343
  },
  "exactDuplicateRows": 124343,
  "predictedCurveAtM": 0.17883050219077895,
  "predictedSigma": 0.041666666666666664
}