{
  "sampleSize": 1000,
  "pairCount": 499500,
  "canonNnAll": {
    "n": 1000,
    "min": 0.027482114070179513,
    "p5": 0.034452840976819436,
    "p25": 0.04330283891142072,
    "median": 0.05940921619030775,
    "p75": 0.16330475397183358,
    "p95": 1.0000000000000142,
    "p99": 1.0000000000000144,
    "max": 1.0000000000002092,
    "mean": 0.19725373890238204,
    "sd": 0.29500278668358465
  },
  "canonNnDisjoint": {
    "n": 1000,
    "min": 0.02520032654789194,
    "p5": 0.02990920857059317,
    "p25": 0.03304503424639067,
    "median": 0.03527342565889242,
    "p75": 0.0377868347660955,
    "p95": 0.04178694337537172,
    "p99": 0.04562568275957261,
    "max": 0.08658393345145925,
    "mean": 0.03559739507540732,
    "sd": 0.004296331649219818
  },
  "canonDisjointSigma": 0.011062054912399095,
  "canonDisjointMax": 0.08658393345145925,
  "canonPredictedSigma": 0.011048543456039804,
  "canonPredictedCurveAtSample": 0.04106657632622603,
  "canonPredictedCurveAt1e4": 0.04741959779328583,
  "rdmSpearman": {
    "proj512": 0.26133454938465756,
    "proj576": 0.28199185729097503,
    "native512": 0.05295304332708737,
    "native576": 0.04577066692429277,
    "native512lex": 0.037103274633524204
  },
  "rdmSpearmanTopPairs": {
    "proj512": 0.8092903014057582,
    "proj576": 0.8200912906452501,
    "native512": 0.811663904149739,
    "native576": 0.8002179699588406,
    "native512lex": 0.5570521295753228
  },
  "topPairCount": 4639,
  "nnRecallAt1": {
    "proj512": 0.266,
    "proj576": 0.271,
    "native512": 0.258,
    "native576": 0.263,
    "native512lex": 0.156
  },
  "nnRecallAt10": {
    "proj512": 0.359,
    "proj576": 0.36,
    "native512": 0.309,
    "native576": 0.314,
    "native512lex": 0.226
  },
  "nnRecallAt1Strong": {
    "proj512": 0.410459587955626,
    "proj576": 0.4231378763866878,
    "native512": 0.40729001584786056,
    "native576": 0.41679873217115687,
    "native512lex": 0.24564183835182252
  },
  "nnRecallAt10Strong": {
    "proj512": 0.5166402535657686,
    "proj576": 0.5182250396196514,
    "native512": 0.47385103011093505,
    "native576": 0.4865293185419968,
    "native512lex": 0.3518225039619651
  },
  "strongNnCount": 631,
  "wallSeconds": 41.24049300003052
}