{
 "analysis": {
  "a1_nonvacuous": 67,
  "a1_nonvacuous_r3": 26,
  "a1_pair_concordant_yes": 0,
  "a1_pair_union_yes": 67,
  "a1_pass_reported_only": true,
  "a1_precision": 0.44047619047619047,
  "a1_r1_yes": 6,
  "a1_r3_yes": 13,
  "a1_r4_yes": 18,
  "a1_wilson_lb": 0.3392278217957345,
  "a1_wilson_ub": 0.5469309002676157,
  "a1_yes": 37,
  "a1_yes_pB": 30,
  "a2_nonvacuous": 83,
  "a2_nonvacuous_r3": 42,
  "a2_pair_concordant_yes": 0,
  "a2_pair_union_yes": 83,
  "a2_pass": true,
  "a2_precision": 0.44047619047619047,
  "a2_r1_yes": 3,
  "a2_r3_yes": 18,
  "a2_r4_yes": 16,
  "a2_wilson_lb": 0.3392278217957345,
  "a2_wilson_ub": 0.5469309002676157,
  "a2_yes": 37,
  "a2_yes_pB": 46,
  "a3_nonvacuous": 83,
  "a3_nonvacuous_r3": 42,
  "a3_pair_concordant_yes": 0,
  "a3_pair_union_yes": 83,
  "a3_precision": 0.4880952380952381,
  "a3_r1_yes": 3,
  "a3_r3_yes": 23,
  "a3_r4_yes": 15,
  "a3_wilson_lb": 0.38408171813322184,
  "a3_wilson_ub": 0.5931500262794481,
  "a3_yes": 41,
  "a3_yes_pB": 42,
  "baseline_precision": 0.39285714285714285,
  "baseline_yes": 33,
  "decisive_min_fraction": 1.0,
  "delta_a2": 0.047619047619047616,
  "delta_a3": 0.09523809523809523,
  "forbidden_effects_ok": true,
  "go_bfo_sumo_only": false,
  "go_combined": true,
  "kappa_a1": -0.9720514253773058,
  "kappa_a2": -0.9820224719101125,
  "kappa_a3": -1.0,
  "mcnemar_a2_b": 16,
  "mcnemar_a2_c": 20,
  "mcnemar_a2_p": 0.617719317029696,
  "mcnemar_a3_b": 14,
  "mcnemar_a3_c": 22,
  "mcnemar_a3_p": 0.2429849540349096,
  "n_items": 84,
  "no_go": false,
  "primary_pass": true,
  "probe_false_sat_max": 0.5,
  "rider": "PROVISIONAL-ON-LLM-PROXY; same 84 self-authored kernel-v0 slots; point-estimate engineering gate, not statistical superiority; soft non-binding typing only -- never hard laws; no feasibility conclusion"
 },
 "gates": {
  "informative_valid": true,
  "instrument_valid": false
 }
}
