{
 "analysis_output": {
  "analysis": {
   "alpha_per_test": 0.008333333333333333,
   "c1_coin_pass": true,
   "c1_floor_pass": true,
   "c1_keyacc_coin_max": 0.49624060150375937,
   "c1_keyacc_real": 0.8646616541353384,
   "c1_keyacc_real_correct_sub": 0.8571428571428571,
   "c1_keyacc_real_fail_sub": 0.8979591836734694,
   "c1_keyacc_role_max": 0.5,
   "c1_min_coin_p": 7.74724134679192e-24,
   "c1_min_role_p": 1.7622229763438372e-21,
   "c1_pass": true,
   "c1_role_pass": true,
   "c1_wilson_lb_floor": 0.8066983659089015,
   "c1_wilson_ub": 0.8955117055186961,
   "c2_coin_pass": true,
   "c2_floor_pass": true,
   "c2_keyacc_coin_max": 0.518796992481203,
   "c2_keyacc_real": 0.8609022556390977,
   "c2_keyacc_real_correct_sub": 0.8341463414634146,
   "c2_keyacc_real_fail_sub": 0.9508196721311475,
   "c2_keyacc_role_max": 0.5375939849624061,
   "c2_min_coin_p": 8.048881813804943e-22,
   "c2_min_role_p": 1.3272291166864191e-17,
   "c2_pass": true,
   "c2_role_pass": true,
   "c2_wilson_lb_floor": 0.8024612244723531,
   "c2_wilson_ub": 0.892181719396925,
   "confirmed_replicated": true,
   "floor": 0.7,
   "primary_confirmed": true,
   "primary_role_generic": false,
   "refuted": false,
   "z_floor": 2.3939798012415405
  },
  "gates": {
   "acc_text_only": 0.793233082706767,
   "coin_validity_ok": true,
   "endpoint_complete": true,
   "endpoint_complete_c1": true,
   "endpoint_complete_c2": true,
   "headroom_ok": true,
   "instrument_valid": true,
   "n_c1": 266,
   "n_c2": 266,
   "n_text_scored": 532,
   "nonfinite_count": 0,
   "seeds_observed_c1": [
    20260720,
    20260721,
    20260722
   ],
   "seeds_observed_c2": [
    20260723,
    20260724,
    20260725
   ],
   "ties_c1": 0,
   "ties_c2": 0
  }
 },
 "freeze_gate_failures_would_refuse_real": [
  "record status='DRAFT' != FROZEN (design-stage harness refuses real mode; run prereg-freeze first)"
 ],
 "mode": "MOCK (stubbed forward; numbers are fake and meaningless \u2014 validation of pipeline only)"
}