{
 "analysis": {
  "a1_nonvacuous": 67,
  "a1_nonvacuous_r3": 26,
  "a1_pair_concordant_yes": 45,
  "a1_pair_union_yes": 53,
  "a1_pass_reported_only": true,
  "a1_precision": 0.6190476190476191,
  "a1_r1_yes": 5,
  "a1_r3_yes": 22,
  "a1_r4_yes": 25,
  "a1_wilson_lb": 0.5121524397704628,
  "a1_wilson_ub": 0.7155301161028365,
  "a1_yes": 52,
  "a1_yes_pB": 46,
  "a2_nonvacuous": 83,
  "a2_nonvacuous_r3": 42,
  "a2_pair_concordant_yes": 23,
  "a2_pair_union_yes": 32,
  "a2_pass": false,
  "a2_precision": 0.30952380952380953,
  "a2_r1_yes": 1,
  "a2_r3_yes": 16,
  "a2_r4_yes": 9,
  "a2_wilson_lb": 0.22081781137605916,
  "a2_wilson_ub": 0.41489009922666203,
  "a2_yes": 26,
  "a2_yes_pB": 29,
  "a3_nonvacuous": 83,
  "a3_nonvacuous_r3": 42,
  "a3_pair_concordant_yes": 42,
  "a3_pair_union_yes": 53,
  "a3_precision": 0.5952380952380952,
  "a3_r1_yes": 6,
  "a3_r3_yes": 25,
  "a3_r4_yes": 19,
  "a3_wilson_lb": 0.48834040553873787,
  "a3_wilson_ub": 0.6938056391599015,
  "a3_yes": 50,
  "a3_yes_pB": 45,
  "ac1_a1": 0.8534670737025729,
  "ac1_a2": 0.8085348866658224,
  "ac1_a3": 0.7442214532871974,
  "ac1_indep_a1": 0.4574792847797645,
  "ac1_indep_a2": 0.21185260225402044,
  "ac1_indep_a3": 0.0433217993079585,
  "agreement_raw_a1": 76,
  "agreement_raw_a2": 75,
  "agreement_raw_a3": 73,
  "baseline_precision": 0.39285714285714285,
  "baseline_yes": 33,
  "breadth_confound": true,
  "decisive_min_fraction": 1.0,
  "delta_a2": -0.08333333333333333,
  "delta_a3": 0.20238095238095238,
  "forbidden_effects_ok": true,
  "go_bfo_sumo_only": false,
  "go_combined": false,
  "hedgeflip_false_sat_max": 0.0,
  "kappa_a1": 0.729903536977492,
  "kappa_a2": 0.75706940874036,
  "kappa_a3": 0.732638888888889,
  "mcnemar_a2_b": 26,
  "mcnemar_a2_c": 19,
  "mcnemar_a2_p": 0.3712980344710104,
  "mcnemar_a3_b": 15,
  "mcnemar_a3_c": 32,
  "mcnemar_a3_p": 0.01862383661500644,
  "mcnemar_a3_vs_a1_b": 20,
  "mcnemar_a3_vs_a1_c": 18,
  "mcnemar_a3_vs_a1_p": 0.8714146793645341,
  "mcnemar_a3_vs_a1_r3_b": 9,
  "mcnemar_a3_vs_a1_r3_c": 12,
  "mcnemar_a3_vs_a1_r3_p": 0.6636238098144531,
  "n_items": 84,
  "no_go": false,
  "p_neg_a1": 0.7894736842105263,
  "p_neg_a2": 0.9203539823008849,
  "p_neg_a3": 0.8450704225352113,
  "p_pos_a1": 0.9384615384615385,
  "p_pos_a2": 0.8363636363636363,
  "p_pos_a3": 0.8865979381443299,
  "pabak_a1": 0.8095238095238095,
  "pabak_a2": 0.7857142857142858,
  "pabak_a3": 0.7380952380952381,
  "pilot_a_no_b_yes": 2,
  "pilot_a_yes_b_no": 0,
  "pilot_ac1_a3": 0.9038461538461537,
  "pilot_ac1_indep": 0.0745192307692309,
  "pilot_agreement": 38,
  "pilot_both_no": 15,
  "pilot_both_yes": 23,
  "pilot_cal_correct": 16,
  "pilot_decisive_min": 40,
  "pilot_hedgeflip_false_sat_max": 0.0,
  "pilot_kappa_a3": 0.896103896103896,
  "pilot_n_items": 40,
  "pilot_p_neg": 0.9375,
  "pilot_p_pos": 0.9583333333333334,
  "pilot_pabak_a3": 0.8999999999999999,
  "primary_pass": true,
  "probe_false_sat_max": 0.0,
  "rider": "PROVISIONAL-ON-LLM-PROXY; same 84 self-authored kernel-v0 slots; point-estimate engineering gate, not statistical superiority; soft non-binding typing only -- never hard laws; no feasibility conclusion",
  "sep_a2_pass": false,
  "sep_a3_pass": false
 },
 "gates": {
  "informative_valid": true,
  "instrument_valid": true,
  "pilot_valid": true
 }
}
