{
 "analysis": {
  "analysis": {
   "a1_nonvacuous": 67,
   "a1_nonvacuous_r3": 26,
   "a1_pair_concordant_yes": 45,
   "a1_pair_union_yes": 53,
   "a1_pass_reported_only": true,
   "a1_precision": 0.6190476190476191,
   "a1_r1_yes": 5,
   "a1_r3_yes": 22,
   "a1_r4_yes": 25,
   "a1_wilson_lb": 0.5121524397704628,
   "a1_wilson_ub": 0.7155301161028365,
   "a1_yes": 52,
   "a1_yes_pB": 46,
   "a2_nonvacuous": 83,
   "a2_nonvacuous_r3": 42,
   "a2_pair_concordant_yes": 23,
   "a2_pair_union_yes": 32,
   "a2_pass": false,
   "a2_precision": 0.30952380952380953,
   "a2_r1_yes": 1,
   "a2_r3_yes": 16,
   "a2_r4_yes": 9,
   "a2_wilson_lb": 0.22081781137605916,
   "a2_wilson_ub": 0.41489009922666203,
   "a2_yes": 26,
   "a2_yes_pB": 29,
   "a3_nonvacuous": 83,
   "a3_nonvacuous_r3": 42,
   "a3_pair_concordant_yes": 42,
   "a3_pair_union_yes": 53,
   "a3_precision": 0.5952380952380952,
   "a3_r1_yes": 6,
   "a3_r3_yes": 25,
   "a3_r4_yes": 19,
   "a3_wilson_lb": 0.48834040553873787,
   "a3_wilson_ub": 0.6938056391599015,
   "a3_yes": 50,
   "a3_yes_pB": 45,
   "ac1_a1": 0.8534670737025729,
   "ac1_a2": 0.8085348866658224,
   "ac1_a3": 0.7442214532871974,
   "ac1_indep_a1": 0.4574792847797645,
   "ac1_indep_a2": 0.21185260225402044,
   "ac1_indep_a3": 0.0433217993079585,
   "agreement_raw_a1": 76,
   "agreement_raw_a2": 75,
   "agreement_raw_a3": 73,
   "baseline_precision": 0.39285714285714285,
   "baseline_yes": 33,
   "breadth_confound": true,
   "decisive_min_fraction": 1.0,
   "delta_a2": -0.08333333333333333,
   "delta_a3": 0.20238095238095238,
   "forbidden_effects_ok": true,
   "go_bfo_sumo_only": false,
   "go_combined": false,
   "hedgeflip_false_sat_max": 0.0,
   "kappa_a1": 0.729903536977492,
   "kappa_a2": 0.75706940874036,
   "kappa_a3": 0.732638888888889,
   "mcnemar_a2_b": 26,
   "mcnemar_a2_c": 19,
   "mcnemar_a2_p": 0.3712980344710104,
   "mcnemar_a3_b": 15,
   "mcnemar_a3_c": 32,
   "mcnemar_a3_p": 0.01862383661500644,
   "mcnemar_a3_vs_a1_b": 20,
   "mcnemar_a3_vs_a1_c": 18,
   "mcnemar_a3_vs_a1_p": 0.8714146793645341,
   "mcnemar_a3_vs_a1_r3_b": 9,
   "mcnemar_a3_vs_a1_r3_c": 12,
   "mcnemar_a3_vs_a1_r3_p": 0.6636238098144531,
   "n_items": 84,
   "no_go": false,
   "p_neg_a1": 0.7894736842105263,
   "p_neg_a2": 0.9203539823008849,
   "p_neg_a3": 0.8450704225352113,
   "p_pos_a1": 0.9384615384615385,
   "p_pos_a2": 0.8363636363636363,
   "p_pos_a3": 0.8865979381443299,
   "pabak_a1": 0.8095238095238095,
   "pabak_a2": 0.7857142857142858,
   "pabak_a3": 0.7380952380952381,
   "pilot_a_no_b_yes": 2,
   "pilot_a_yes_b_no": 0,
   "pilot_ac1_a3": 0.9038461538461537,
   "pilot_ac1_indep": 0.0745192307692309,
   "pilot_agreement": 38,
   "pilot_both_no": 15,
   "pilot_both_yes": 23,
   "pilot_cal_correct": 16,
   "pilot_decisive_min": 40,
   "pilot_hedgeflip_false_sat_max": 0.0,
   "pilot_kappa_a3": 0.896103896103896,
   "pilot_n_items": 40,
   "pilot_p_neg": 0.9375,
   "pilot_p_pos": 0.9583333333333334,
   "pilot_pabak_a3": 0.8999999999999999,
   "primary_pass": true,
   "probe_false_sat_max": 0.0,
   "rider": "PROVISIONAL-ON-LLM-PROXY; same 84 self-authored kernel-v0 slots; point-estimate engineering gate, not statistical superiority; soft non-binding typing only -- never hard laws; no feasibility conclusion",
   "sep_a2_pass": false,
   "sep_a3_pass": false
  },
  "gates": {
   "informative_valid": true,
   "instrument_valid": true,
   "pilot_valid": true
  }
 },
 "baseline": {
  "n": 84,
  "source": "poc/g2/labels-proxy.jsonl (FROZEN g2 primary readout; no new A0 calls)",
  "yes": 33
 },
 "disclosure": "PROVISIONAL-ON-LLM-PROXY (directive #11): judge-pA GPT-5.6-Sol primary, judge-pB Claude Haiku 4.5 sensitivity (vendor-family overlap with the materials' authoring agents DISCLOSED, never sole gold). AC1/kappa are pair stability, never human-agreement evidence. Pilot labels are instrument evidence only, discarded from all scoring (v2 design section 4). v2 labels are minted under the v2 sentence-force rubric and are never row-merged or trend-compared with the quarantined v1 labels except as instrument-repair before/after evidence. The later two-human adjudicated gold remains the sole authority for any permanent scientific adoption; reconcile + re-run when it arrives. The primary gate is a point-estimate engineering gate (>=34/84), not a claim of statistical superiority.",
 "experiment": "g2-import-v2",
 "labels_sha256": "87e461e1f3a9ed73f37af247d8c8dce3a03ae7cd55fb9f64e3f821a825e0b464",
 "metrics": {
  "a1": {
   "agreement_raw": {
    "a_no_b_yes": 1,
    "a_yes_b_no": 7,
    "both_no": 15,
    "both_yes": 61
   },
   "decisive_pA": 84,
   "decisive_pB": 84,
   "nonvacuous": 67,
   "nonvacuous_r3": 26,
   "pair_concordant_yes": 45,
   "pair_union_yes": 53,
   "probe_pA": {
    "n_false_sat": 0,
    "n_labelled": 20
   },
   "probe_pB": {
    "n_false_sat": 0,
    "n_labelled": 20
   },
   "r1_yes": 5,
   "r3_yes": 22,
   "r4_yes": 25,
   "yes_pA_scored": 52,
   "yes_pB_scored": 46
  },
  "a2": {
   "agreement_raw": {
    "a_no_b_yes": 6,
    "a_yes_b_no": 3,
    "both_no": 52,
    "both_yes": 23
   },
   "decisive_pA": 84,
   "decisive_pB": 84,
   "hedgeflip_pA": {
    "n_false_sat": 0,
    "n_labelled": 10
   },
   "hedgeflip_pB": {
    "n_false_sat": 0,
    "n_labelled": 10
   },
   "nonvacuous": 83,
   "nonvacuous_r3": 42,
   "pair_concordant_yes": 23,
   "pair_union_yes": 32,
   "probe_pA": {
    "n_false_sat": 0,
    "n_labelled": 20
   },
   "probe_pB": {
    "n_false_sat": 0,
    "n_labelled": 20
   },
   "r1_yes": 1,
   "r3_yes": 16,
   "r4_yes": 9,
   "yes_pA_scored": 26,
   "yes_pB_scored": 29
  },
  "a3": {
   "agreement_raw": {
    "a_no_b_yes": 3,
    "a_yes_b_no": 8,
    "both_no": 30,
    "both_yes": 43
   },
   "decisive_pA": 84,
   "decisive_pB": 84,
   "hedgeflip_pA": {
    "n_false_sat": 0,
    "n_labelled": 10
   },
   "hedgeflip_pB": {
    "n_false_sat": 0,
    "n_labelled": 10
   },
   "nonvacuous": 83,
   "nonvacuous_r3": 42,
   "pair_concordant_yes": 42,
   "pair_union_yes": 53,
   "probe_pA": {
    "n_false_sat": 0,
    "n_labelled": 20
   },
   "probe_pB": {
    "n_false_sat": 0,
    "n_labelled": 20
   },
   "r1_yes": 6,
   "r3_yes": 25,
   "r4_yes": 19,
   "yes_pA_scored": 50,
   "yes_pB_scored": 45
  },
  "baseline_yes": 33,
  "forbidden_effects_ok": true,
  "mcnemar_a2_b": 26,
  "mcnemar_a2_c": 19,
  "mcnemar_a3_b": 15,
  "mcnemar_a3_c": 32,
  "mcnemar_a3_vs_a1_b": 20,
  "mcnemar_a3_vs_a1_c": 18,
  "mcnemar_a3_vs_a1_r3_b": 9,
  "mcnemar_a3_vs_a1_r3_c": 12,
  "n_items": 84,
  "pilot": {
   "cal_correct": 16,
   "decisive_pA": 40,
   "decisive_pB": 40,
   "hedgeflip_pA": {
    "n_false_sat": 0,
    "n_labelled": 8
   },
   "hedgeflip_pB": {
    "n_false_sat": 0,
    "n_labelled": 8
   },
   "n_items": 40,
   "table": {
    "a_no_b_yes": 2,
    "a_yes_b_no": 0,
    "both_no": 15,
    "both_yes": 23
   }
  },
  "pins_ok": true
 },
 "pa_proxy": null,
 "pilot_only": false,
 "schema": "ontg2v2-result/1",
 "status": "MOCK -- MECHANICS ONLY, NO EVIDENCE"
}
