{"analysis":{"byte_ratio":6.736930894606587,"bytes_per_record_gloss":19.52801147795672,"bytes_per_record_kernel":2.898651000500887,"n_records":117791,"n_runs":1},"gates":{"instrument_valid":true}}
