{
  "arm": "kernel-init",
  "seed": 0,
  "lr": 0.0006,
  "steps": 6103,
  "tokens": 99991552,
  "budgetFrac": 0.5,
  "nonEmbeddingParams": 12610560,
  "vocabSize": 8000,
  "device": "cuda",
  "frozen": false,
  "frozenRowsBitIdentical": null,
  "final": {
    "valLoss": 1.850334256887436,
    "valPpl": 6.361945691403598,
    "conceptSliceLoss": 3.07076082490181,
    "conceptSlicePpl": 21.558298527385414,
    "conceptTargets": 4575
  },
  "wallSeconds": 455.54548835754395
}