{
  "arm": "kernel-frozen",
  "seed": 0,
  "lr": 0.0003,
  "steps": 6103,
  "tokens": 99991552,
  "budgetFrac": 0.5,
  "nonEmbeddingParams": 12610560,
  "vocabSize": 8000,
  "device": "cuda",
  "frozen": true,
  "frozenRowsBitIdentical": true,
  "final": {
    "valLoss": 1.929455190896988,
    "valPpl": 6.8857577959624665,
    "conceptSliceLoss": 3.6604198284878757,
    "conceptSlicePpl": 38.877661395397915,
    "conceptTargets": 4575
  },
  "wallSeconds": 430.9060549736023
}