{
  "arm": "kernel-frozen",
  "seed": 0,
  "lr": 0.001,
  "steps": 6103,
  "tokens": 99991552,
  "budgetFrac": 0.5,
  "nonEmbeddingParams": 12610560,
  "vocabSize": 8000,
  "device": "cuda",
  "frozen": true,
  "frozenRowsBitIdentical": true,
  "final": {
    "valLoss": 1.8356323897838593,
    "valPpl": 6.269097405294238,
    "conceptSliceLoss": 3.581259005186988,
    "conceptSlicePpl": 35.91873426446865,
    "conceptTargets": 4575
  },
  "wallSeconds": 462.85589051246643
}