{
  "arm": "shuffled-frozen",
  "seed": 0,
  "lr": 0.001,
  "steps": 6103,
  "tokens": 99991552,
  "budgetFrac": 0.5,
  "nonEmbeddingParams": 12610560,
  "vocabSize": 8000,
  "device": "cuda",
  "frozen": true,
  "frozenRowsBitIdentical": true,
  "final": {
    "valLoss": 1.8379347801208497,
    "valPpl": 6.283547943588178,
    "conceptSliceLoss": 3.6401117977288253,
    "conceptSlicePpl": 38.09609554429041,
    "conceptTargets": 4575
  },
  "wallSeconds": 458.38998079299927
}