{
  "arm": "kernel-init",
  "seed": 0,
  "lr": 0.001,
  "steps": 6103,
  "tokens": 99991552,
  "budgetFrac": 0.5,
  "nonEmbeddingParams": 12610560,
  "vocabSize": 8000,
  "device": "cuda",
  "frozen": false,
  "frozenRowsBitIdentical": null,
  "final": {
    "valLoss": 1.8263658702373504,
    "valPpl": 6.211273020816903,
    "conceptSliceLoss": 3.0319196390454235,
    "conceptSlicePpl": 20.7370019644103,
    "conceptTargets": 4575
  },
  "wallSeconds": 455.54090452194214
}