{
  "arm": "shuffled-frozen",
  "seed": 0,
  "lr": 0.0003,
  "steps": 6103,
  "tokens": 99991552,
  "budgetFrac": 0.5,
  "nonEmbeddingParams": 12610560,
  "vocabSize": 8000,
  "device": "cuda",
  "frozen": true,
  "frozenRowsBitIdentical": true,
  "final": {
    "valLoss": 1.930202716588974,
    "valPpl": 6.890907001165553,
    "conceptSliceLoss": 3.6979352106813526,
    "conceptSlicePpl": 40.36387535935203,
    "conceptTargets": 4575
  },
  "wallSeconds": 433.20879340171814
}