{
  "arm": "trainable",
  "seed": 0,
  "lr": 0.001,
  "steps": 6103,
  "tokens": 99991552,
  "budgetFrac": 0.5,
  "nonEmbeddingParams": 12610560,
  "vocabSize": 8000,
  "device": "cuda",
  "frozen": false,
  "frozenRowsBitIdentical": null,
  "final": {
    "valLoss": 1.8267975807189942,
    "valPpl": 6.213955071377356,
    "conceptSliceLoss": 3.0300587805242487,
    "conceptSlicePpl": 20.698449219328328,
    "conceptTargets": 4575
  },
  "wallSeconds": 432.87266206741333
}