{
  "arm": "shuffled-frozen",
  "seed": 0,
  "lr": 0.0006,
  "steps": 6103,
  "tokens": 99991552,
  "budgetFrac": 0.5,
  "nonEmbeddingParams": 12610560,
  "vocabSize": 8000,
  "device": "cuda",
  "frozen": true,
  "frozenRowsBitIdentical": true,
  "final": {
    "valLoss": 1.8586351811885833,
    "valPpl": 6.414975514767838,
    "conceptSliceLoss": 3.5817648965804305,
    "conceptSlicePpl": 35.93690984004239,
    "conceptTargets": 4575
  },
  "wallSeconds": 458.51860308647156
}