{
  "arm": "trainable",
  "seed": 0,
  "lr": 0.0006,
  "steps": 6103,
  "tokens": 99991552,
  "budgetFrac": 0.5,
  "nonEmbeddingParams": 12610560,
  "vocabSize": 8000,
  "device": "cuda",
  "frozen": false,
  "frozenRowsBitIdentical": null,
  "final": {
    "valLoss": 1.850667232275009,
    "valPpl": 6.364064415457818,
    "conceptSliceLoss": 3.0785018837517075,
    "conceptSlicePpl": 21.725830184602124,
    "conceptTargets": 4575
  },
  "wallSeconds": 431.02681279182434
}