{
  "arm": "kernel-frozen",
  "seed": 0,
  "lr": 0.0006,
  "steps": 6103,
  "tokens": 99991552,
  "budgetFrac": 0.5,
  "nonEmbeddingParams": 12610560,
  "vocabSize": 8000,
  "device": "cuda",
  "frozen": true,
  "frozenRowsBitIdentical": true,
  "final": {
    "valLoss": 1.8582243621349335,
    "valPpl": 6.412340661858622,
    "conceptSliceLoss": 3.556024670210041,
    "conceptSlicePpl": 35.02368931851796,
    "conceptTargets": 4575
  },
  "wallSeconds": 459.33542704582214
}