{
  "arm": "trainable",
  "seed": 0,
  "lr": 0.0003,
  "steps": 6103,
  "tokens": 99991552,
  "budgetFrac": 0.5,
  "nonEmbeddingParams": 12610560,
  "vocabSize": 8000,
  "device": "cuda",
  "frozen": false,
  "frozenRowsBitIdentical": null,
  "final": {
    "valLoss": 1.9175890624523162,
    "valPpl": 6.80453337230354,
    "conceptSliceLoss": 3.149127737576844,
    "conceptSlicePpl": 23.315718283649733,
    "conceptTargets": 4575
  },
  "wallSeconds": 459.6411232948303
}