{
  "arm": "random-frozen",
  "seed": 0,
  "lr": 0.0003,
  "steps": 6103,
  "tokens": 99991552,
  "budgetFrac": 0.5,
  "nonEmbeddingParams": 12610560,
  "vocabSize": 8000,
  "device": "cuda",
  "frozen": true,
  "frozenRowsBitIdentical": true,
  "final": {
    "valLoss": 1.9238947212696076,
    "valPpl": 6.847576001608392,
    "conceptSliceLoss": 3.4823581582991805,
    "conceptSlicePpl": 32.536357562657095,
    "conceptTargets": 4575
  },
  "wallSeconds": 458.65021800994873
}