{
  "arm": "random-frozen",
  "seed": 0,
  "lr": 0.001,
  "steps": 6103,
  "tokens": 99991552,
  "budgetFrac": 0.5,
  "nonEmbeddingParams": 12610560,
  "vocabSize": 8000,
  "device": "cuda",
  "frozen": true,
  "frozenRowsBitIdentical": true,
  "final": {
    "valLoss": 1.8333906769752502,
    "valPpl": 6.255059629551855,
    "conceptSliceLoss": 3.4148910038849043,
    "conceptSlicePpl": 30.41363427891697,
    "conceptTargets": 4575
  },
  "wallSeconds": 459.8153340816498
}