{
  "arm": "random-frozen",
  "seed": 0,
  "lr": 0.0006,
  "steps": 6103,
  "tokens": 99991552,
  "budgetFrac": 0.5,
  "nonEmbeddingParams": 12610560,
  "vocabSize": 8000,
  "device": "cuda",
  "frozen": true,
  "frozenRowsBitIdentical": true,
  "final": {
    "valLoss": 1.8527378499507905,
    "valPpl": 6.377255611975556,
    "conceptSliceLoss": 3.3593680493297473,
    "conceptSlicePpl": 28.771003278209125,
    "conceptTargets": 4575
  },
  "wallSeconds": 438.6470787525177
}