{
  "arm": "kernel-init",
  "seed": 0,
  "lr": 0.0003,
  "steps": 6103,
  "tokens": 99991552,
  "budgetFrac": 0.5,
  "nonEmbeddingParams": 12610560,
  "vocabSize": 8000,
  "device": "cuda",
  "frozen": false,
  "frozenRowsBitIdentical": null,
  "final": {
    "valLoss": 1.9189398050308228,
    "valPpl": 6.813730755506541,
    "conceptSliceLoss": 3.157745087837261,
    "conceptSlicePpl": 23.51750618447519,
    "conceptTargets": 4575
  },
  "wallSeconds": 440.2705178260803
}