{
  "arm": "random-frozen",
  "seed": 0,
  "tag": "100pct",
  "step": 200,
  "ckpt": "ckpt-random-frozen-seed0-100pct.pt",
  "frozenRowsBitIdentical": true,
  "policy": {
    "preset": "a1-hybrid",
    "name": "shadowed-hybrid-recommended",
    "sha256": "e13dc838ac7df709588604f7eb445082ac6776bbc83ae0415456318db504d696"
  },
  "evaluatedConceptSet": {
    "size": 52,
    "vocabConceptTokens": 54,
    "excludedByPolicy": [
      "kind",
      "lost"
    ],
    "policySha256": "e13dc838ac7df709588604f7eb445082ac6776bbc83ae0415456318db504d696",
    "policyPreset": "a1-hybrid",
    "note": "Amendment A1 (docs/poc-design.md Phase M): {kind, lost} are excluded from E1's evaluated/reported concept universe (no defensible deterministic sense winner). Their concept tokens REMAIN in the vocab and their rows remain frozen/controlled in all arms; the mapper still abstains on their surfaces, so they can never be attested or substituted."
  },
  "cloze": {
    "heldOutAccAttested": 0.021341463414634148,
    "devAccAttested": 0.021341463414634148,
    "heldOutAccEvaluated": 0.016826923076923076,
    "devAccEvaluated": 0.016826923076923076,
    "heldOutAccAll54": 0.016203703703703703,
    "devAccAll54": 0.016203703703703703,
    "attestedCount": 41,
    "evaluatedCount": 52,
    "excludedByPolicy": [
      "kind",
      "lost"
    ],
    "chance": 0.018518518518518517,
    "candidateSetSize": 54
  },
  "ppl": {
    "valLoss": 5.237880229949951,
    "valPpl": 188.27058876137437,
    "conceptSliceLoss": 7.38713384764286,
    "conceptSlicePpl": 1615.0704348934487,
    "conceptTargets": 1094
  },
  "probe": {
    "trainAcc": 0.8194444179534912,
    "testAcc": 0.032407406717538834,
    "chance": 0.018518518518518517,
    "midLayerStateIndex": 0,
    "positionRule": "final word token of the stimulus (non-concept position)"
  }
}