{
  "arm": "kernel-frozen",
  "seed": 1,
  "tag": "100pct",
  "step": 200,
  "ckpt": "ckpt-kernel-frozen-seed1-100pct.pt",
  "frozenRowsBitIdentical": true,
  "cloze": {
    "heldOutAccAttested": 0.02702702702702703,
    "devAccAttested": 0.030405405405405407,
    "heldOutAccAll54": 0.018518518518518517,
    "devAccAll54": 0.020833333333333332,
    "attestedCount": 37,
    "chance": 0.018518518518518517
  },
  "ppl": {
    "valLoss": 5.2178455829620365,
    "valPpl": 184.53618759275835,
    "conceptSliceLoss": 7.3808048124347785,
    "conceptSlicePpl": 1604.8808762983344,
    "conceptTargets": 1108
  },
  "probe": {
    "trainAcc": 0.7685185074806213,
    "testAcc": 0.018518518656492233,
    "chance": 0.018518518518518517,
    "midLayerStateIndex": 0,
    "positionRule": "final word token of the stimulus (non-concept position)"
  }
}