{
  "arm": "shuffled-frozen",
  "seed": 0,
  "tag": "100pct",
  "step": 200,
  "ckpt": "ckpt-shuffled-frozen-seed0-100pct.pt",
  "frozenRowsBitIdentical": true,
  "cloze": {
    "heldOutAccAttested": 0.033783783783783786,
    "devAccAttested": 0.033783783783783786,
    "heldOutAccAll54": 0.023148148148148147,
    "devAccAll54": 0.02546296296296296,
    "attestedCount": 37,
    "chance": 0.018518518518518517
  },
  "ppl": {
    "valLoss": 5.243154358863831,
    "valPpl": 189.266175235093,
    "conceptSliceLoss": 7.378714296501581,
    "conceptSlicePpl": 1601.5293516839376,
    "conceptTargets": 1033
  },
  "probe": {
    "trainAcc": 0.8009259104728699,
    "testAcc": 0.0416666679084301,
    "chance": 0.018518518518518517,
    "midLayerStateIndex": 0,
    "positionRule": "final word token of the stimulus (non-concept position)"
  }
}