{
  "arm": "shuffled-frozen",
  "seed": 1,
  "tag": "100pct",
  "step": 200,
  "ckpt": "ckpt-shuffled-frozen-seed1-100pct.pt",
  "frozenRowsBitIdentical": true,
  "policy": {
    "preset": "a1-hybrid",
    "name": "shadowed-hybrid-recommended",
    "sha256": "e13dc838ac7df709588604f7eb445082ac6776bbc83ae0415456318db504d696"
  },
  "evaluatedConceptSet": {
    "size": 52,
    "vocabConceptTokens": 54,
    "excludedByPolicy": [
      "kind",
      "lost"
    ],
    "policySha256": "e13dc838ac7df709588604f7eb445082ac6776bbc83ae0415456318db504d696",
    "policyPreset": "a1-hybrid",
    "note": "Amendment A1 (docs/poc-design.md Phase M): {kind, lost} are excluded from E1's evaluated/reported concept universe (no defensible deterministic sense winner). Their concept tokens REMAIN in the vocab and their rows remain frozen/controlled in all arms; the mapper still abstains on their surfaces, so they can never be attested or substituted."
  },
  "cloze": {
    "heldOutAccAttested": 0.012195121951219513,
    "devAccAttested": 0.012195121951219513,
    "heldOutAccEvaluated": 0.016826923076923076,
    "devAccEvaluated": 0.021634615384615384,
    "heldOutAccAll54": 0.016203703703703703,
    "devAccAll54": 0.020833333333333332,
    "attestedCount": 41,
    "evaluatedCount": 52,
    "excludedByPolicy": [
      "kind",
      "lost"
    ],
    "chance": 0.018518518518518517,
    "candidateSetSize": 54
  },
  "ppl": {
    "valLoss": 5.231200957298279,
    "valPpl": 187.01726846024687,
    "conceptSliceLoss": 7.452856424064404,
    "conceptSlicePpl": 1724.7828268551007,
    "conceptTargets": 1149
  },
  "probe": {
    "trainAcc": 0.6527777910232544,
    "testAcc": 0.03703703731298447,
    "chance": 0.018518518518518517,
    "midLayerStateIndex": 0,
    "positionRule": "final word token of the stimulus (non-concept position)"
  }
}