{
  "arm": "kernel-frozen",
  "seed": 0,
  "tag": "50pct",
  "step": 100,
  "ckpt": "ckpt-kernel-frozen-seed0-50pct.pt",
  "frozenRowsBitIdentical": true,
  "cloze": {
    "heldOutAccAttested": 0.02702702702702703,
    "devAccAttested": 0.030405405405405407,
    "heldOutAccAll54": 0.018518518518518517,
    "devAccAll54": 0.020833333333333332,
    "attestedCount": 37,
    "chance": 0.018518518518518517
  },
  "ppl": {
    "valLoss": 5.573395562171936,
    "valPpl": 263.3267251660461,
    "conceptSliceLoss": 7.5563758340486595,
    "conceptSlicePpl": 1912.9002675956986,
    "conceptTargets": 1033
  },
  "probe": {
    "trainAcc": 0.8148148059844971,
    "testAcc": 0.02777777798473835,
    "chance": 0.018518518518518517,
    "midLayerStateIndex": 0,
    "positionRule": "final word token of the stimulus (non-concept position)"
  }
}