{
  "arm": "random-frozen",
  "seed": 0,
  "tag": "100pct",
  "step": 200,
  "ckpt": "ckpt-random-frozen-seed0-100pct.pt",
  "frozenRowsBitIdentical": true,
  "cloze": {
    "heldOutAccAttested": 0.02027027027027027,
    "devAccAttested": 0.02364864864864865,
    "heldOutAccAll54": 0.013888888888888888,
    "devAccAll54": 0.018518518518518517,
    "attestedCount": 37,
    "chance": 0.018518518518518517
  },
  "ppl": {
    "valLoss": 5.245964074134827,
    "valPpl": 189.79870707902182,
    "conceptSliceLoss": 7.348326794752655,
    "conceptSlicePpl": 1553.5948688026212,
    "conceptTargets": 1033
  },
  "probe": {
    "trainAcc": 0.7962962985038757,
    "testAcc": 0.032407406717538834,
    "chance": 0.018518518518518517,
    "midLayerStateIndex": 0,
    "positionRule": "final word token of the stimulus (non-concept position)"
  }
}