{
  "arm": "kernel-init",
  "seed": 1,
  "tag": "100pct",
  "step": 200,
  "ckpt": "ckpt-kernel-init-seed1-100pct.pt",
  "frozenRowsBitIdentical": null,
  "cloze": {
    "heldOutAccAttested": 0.02702702702702703,
    "devAccAttested": 0.02702702702702703,
    "heldOutAccAll54": 0.018518518518518517,
    "devAccAll54": 0.018518518518518517,
    "attestedCount": 37,
    "chance": 0.018518518518518517
  },
  "ppl": {
    "valLoss": 5.187100648880005,
    "valPpl": 178.94896418098108,
    "conceptSliceLoss": 6.864106353869937,
    "conceptSlicePpl": 957.2899789571977,
    "conceptTargets": 1108
  },
  "probe": {
    "trainAcc": 0.5277777910232544,
    "testAcc": 0.03703703731298447,
    "chance": 0.018518518518518517,
    "midLayerStateIndex": 0,
    "positionRule": "final word token of the stimulus (non-concept position)"
  }
}