{
  "arm": "shuffled-frozen",
  "seed": 1,
  "tag": "100pct",
  "step": 200,
  "ckpt": "ckpt-shuffled-frozen-seed1-100pct.pt",
  "frozenRowsBitIdentical": true,
  "cloze": {
    "heldOutAccAttested": 0.016891891891891893,
    "devAccAttested": 0.006756756756756757,
    "heldOutAccAll54": 0.018518518518518517,
    "devAccAll54": 0.018518518518518517,
    "attestedCount": 37,
    "chance": 0.018518518518518517
  },
  "ppl": {
    "valLoss": 5.226081371307373,
    "valPpl": 186.06226417176896,
    "conceptSliceLoss": 7.440300814081185,
    "conceptSlicePpl": 1703.2625094419195,
    "conceptTargets": 1108
  },
  "probe": {
    "trainAcc": 0.7222222089767456,
    "testAcc": 0.02777777798473835,
    "chance": 0.018518518518518517,
    "midLayerStateIndex": 0,
    "positionRule": "final word token of the stimulus (non-concept position)"
  }
}