{
  "arm": "kernel-frozen",
  "seed": 0,
  "tag": "step0",
  "step": 0,
  "ckpt": "ckpt-kernel-frozen-seed0-step0.pt",
  "frozenRowsBitIdentical": true,
  "cloze": {
    "heldOutAccAttested": 0.02364864864864865,
    "devAccAttested": 0.02027027027027027,
    "heldOutAccAll54": 0.020833333333333332,
    "devAccAll54": 0.018518518518518517,
    "attestedCount": 37,
    "chance": 0.018518518518518517
  },
  "ppl": {
    "valLoss": 8.303024673461914,
    "valPpl": 4036.0617189371437,
    "conceptSliceLoss": 8.305391767710477,
    "conceptSlicePpl": 4045.6267736456853,
    "conceptTargets": 1033
  },
  "probe": {
    "trainAcc": 0.9907407164573669,
    "testAcc": 0.07870370149612427,
    "chance": 0.018518518518518517,
    "midLayerStateIndex": 0,
    "positionRule": "final word token of the stimulus (non-concept position)"
  }
}