{
  "arm": "trainable",
  "seed": 1,
  "tag": "100pct",
  "step": 200,
  "ckpt": "ckpt-trainable-seed1-100pct.pt",
  "frozenRowsBitIdentical": null,
  "cloze": {
    "heldOutAccAttested": 0.02702702702702703,
    "devAccAttested": 0.02702702702702703,
    "heldOutAccAll54": 0.018518518518518517,
    "devAccAll54": 0.018518518518518517,
    "attestedCount": 37,
    "chance": 0.018518518518518517
  },
  "ppl": {
    "valLoss": 5.194847369194031,
    "valPpl": 180.34061516283947,
    "conceptSliceLoss": 6.845862929141048,
    "conceptSlicePpl": 939.9840707793481,
    "conceptTargets": 1108
  },
  "probe": {
    "trainAcc": 0.5509259104728699,
    "testAcc": 0.0416666679084301,
    "chance": 0.018518518518518517,
    "midLayerStateIndex": 0,
    "positionRule": "final word token of the stimulus (non-concept position)"
  }
}