{
  "arm": "kernel-frozen",
  "seed": 0,
  "tag": "100pct",
  "step": 200,
  "ckpt": "ckpt-kernel-frozen-seed0-100pct.pt",
  "frozenRowsBitIdentical": true,
  "cloze": {
    "heldOutAccAttested": 0.02702702702702703,
    "devAccAttested": 0.02364864864864865,
    "heldOutAccAll54": 0.018518518518518517,
    "devAccAll54": 0.016203703703703703,
    "attestedCount": 37,
    "chance": 0.018518518518518517
  },
  "ppl": {
    "valLoss": 5.254054832458496,
    "valPpl": 191.34055148256428,
    "conceptSliceLoss": 7.36997564856796,
    "conceptSlicePpl": 1587.5951223590007,
    "conceptTargets": 1033
  },
  "probe": {
    "trainAcc": 0.7731481194496155,
    "testAcc": 0.03703703731298447,
    "chance": 0.018518518518518517,
    "midLayerStateIndex": 0,
    "positionRule": "final word token of the stimulus (non-concept position)"
  }
}