{
  "arm": "trainable",
  "seed": 0,
  "tag": "100pct",
  "step": 200,
  "ckpt": "ckpt-trainable-seed0-100pct.pt",
  "frozenRowsBitIdentical": null,
  "cloze": {
    "heldOutAccAttested": 0.033783783783783786,
    "devAccAttested": 0.02702702702702703,
    "heldOutAccAll54": 0.023148148148148147,
    "devAccAll54": 0.018518518518518517,
    "attestedCount": 37,
    "chance": 0.018518518518518517
  },
  "ppl": {
    "valLoss": 5.210935759544372,
    "valPpl": 183.265470393984,
    "conceptSliceLoss": 6.876187039252518,
    "conceptSlicePpl": 968.9248350289481,
    "conceptTargets": 1033
  },
  "probe": {
    "trainAcc": 0.5740740895271301,
    "testAcc": 0.046296294778585434,
    "chance": 0.018518518518518517,
    "midLayerStateIndex": 0,
    "positionRule": "final word token of the stimulus (non-concept position)"
  }
}