{
  "arm": "random-frozen",
  "seed": 1,
  "tag": "100pct",
  "step": 200,
  "ckpt": "ckpt-random-frozen-seed1-100pct.pt",
  "frozenRowsBitIdentical": true,
  "cloze": {
    "heldOutAccAttested": 0.0033783783783783786,
    "devAccAttested": 0.0,
    "heldOutAccAll54": 0.020833333333333332,
    "devAccAll54": 0.018518518518518517,
    "attestedCount": 37,
    "chance": 0.018518518518518517
  },
  "ppl": {
    "valLoss": 5.215274739265442,
    "valPpl": 184.06238319757037,
    "conceptSliceLoss": 7.428361913357401,
    "conceptSlicePpl": 1683.0483350514473,
    "conceptTargets": 1108
  },
  "probe": {
    "trainAcc": 0.7222222089767456,
    "testAcc": 0.0416666679084301,
    "chance": 0.018518518518518517,
    "midLayerStateIndex": 0,
    "positionRule": "final word token of the stimulus (non-concept position)"
  }
}