{
  "arm": "kernel-frozen",
  "seed": 1,
  "tag": "50pct",
  "step": 100,
  "ckpt": "ckpt-kernel-frozen-seed1-50pct.pt",
  "frozenRowsBitIdentical": true,
  "cloze": {
    "heldOutAccAttested": 0.02702702702702703,
    "devAccAttested": 0.030405405405405407,
    "heldOutAccAll54": 0.018518518518518517,
    "devAccAll54": 0.020833333333333332,
    "attestedCount": 37,
    "chance": 0.018518518518518517
  },
  "ppl": {
    "valLoss": 5.518323802947998,
    "valPpl": 249.21695017228254,
    "conceptSliceLoss": 7.378283586743076,
    "conceptSlicePpl": 1600.8397058928826,
    "conceptTargets": 1108
  },
  "probe": {
    "trainAcc": 0.7453703880310059,
    "testAcc": 0.046296294778585434,
    "chance": 0.018518518518518517,
    "midLayerStateIndex": 0,
    "positionRule": "final word token of the stimulus (non-concept position)"
  }
}