{
  "arm": "kernel-init",
  "seed": 0,
  "tag": "100pct",
  "step": 200,
  "ckpt": "ckpt-kernel-init-seed0-100pct.pt",
  "frozenRowsBitIdentical": null,
  "cloze": {
    "heldOutAccAttested": 0.02702702702702703,
    "devAccAttested": 0.02702702702702703,
    "heldOutAccAll54": 0.018518518518518517,
    "devAccAll54": 0.018518518518518517,
    "attestedCount": 37,
    "chance": 0.018518518518518517
  },
  "ppl": {
    "valLoss": 5.207186985015869,
    "valPpl": 182.57973560224727,
    "conceptSliceLoss": 6.846276326654957,
    "conceptSlicePpl": 940.3727381888575,
    "conceptTargets": 1033
  },
  "probe": {
    "trainAcc": 0.5740740895271301,
    "testAcc": 0.05092592537403107,
    "chance": 0.018518518518518517,
    "midLayerStateIndex": 0,
    "positionRule": "final word token of the stimulus (non-concept position)"
  }
}