{
  "arm": "kernel-frozen",
  "seed": 1,
  "tag": "step0",
  "step": 0,
  "ckpt": "ckpt-kernel-frozen-seed1-step0.pt",
  "frozenRowsBitIdentical": true,
  "cloze": {
    "heldOutAccAttested": 0.016891891891891893,
    "devAccAttested": 0.02027027027027027,
    "heldOutAccAll54": 0.016203703703703703,
    "devAccAll54": 0.016203703703703703,
    "attestedCount": 37,
    "chance": 0.018518518518518517
  },
  "ppl": {
    "valLoss": 8.312503099441528,
    "valPpl": 4074.499106385867,
    "conceptSliceLoss": 8.303941306654727,
    "conceptSlicePpl": 4039.7630031777985,
    "conceptTargets": 1108
  },
  "probe": {
    "trainAcc": 0.9768518805503845,
    "testAcc": 0.06018518656492233,
    "chance": 0.018518518518518517,
    "midLayerStateIndex": 0,
    "positionRule": "final word token of the stimulus (non-concept position)"
  }
}