{"analysis":{"breach_share":0.9133665255854587,"cap_violation_share":0.25253818946725587,"growth_share":0.9130866249925784,"n_records_bulk":117899},"gates":{"instrument_valid":true}}
