{
 "analysis": {
  "a1_nonvacuous": 67,
  "a1_nonvacuous_r3": 26,
  "a1_pair_concordant_yes": 26,
  "a1_pair_union_yes": 34,
  "a1_pass_reported_only": false,
  "a1_precision": 0.3333333333333333,
  "a1_r1_yes": 2,
  "a1_r3_yes": 12,
  "a1_r4_yes": 14,
  "a1_wilson_lb": 0.24177064973177226,
  "a1_wilson_ub": 0.4394737720456087,
  "a1_yes": 28,
  "a1_yes_pB": 32,
  "a2_nonvacuous": 83,
  "a2_nonvacuous_r3": 42,
  "a2_pair_concordant_yes": 44,
  "a2_pair_union_yes": 53,
  "a2_pass": true,
  "a2_precision": 0.5714285714285714,
  "a2_r1_yes": 5,
  "a2_r3_yes": 25,
  "a2_r4_yes": 18,
  "a2_wilson_lb": 0.4647675967027547,
  "a2_wilson_ub": 0.6718419368212247,
  "a2_yes": 48,
  "a2_yes_pB": 49,
  "a3_nonvacuous": 83,
  "a3_nonvacuous_r3": 42,
  "a3_pair_concordant_yes": 45,
  "a3_pair_union_yes": 56,
  "a3_precision": 0.6190476190476191,
  "a3_r1_yes": 5,
  "a3_r3_yes": 28,
  "a3_r4_yes": 19,
  "a3_wilson_lb": 0.5121524397704628,
  "a3_wilson_ub": 0.7155301161028365,
  "a3_yes": 52,
  "a3_yes_pB": 49,
  "baseline_precision": 0.39285714285714285,
  "baseline_yes": 33,
  "decisive_min_fraction": 1.0,
  "delta_a2": 0.17857142857142858,
  "delta_a3": 0.2261904761904762,
  "forbidden_effects_ok": true,
  "go_bfo_sumo_only": false,
  "go_combined": true,
  "kappa_a1": 0.808982376350199,
  "kappa_a2": 0.778688524590164,
  "kappa_a3": 0.7243436754176611,
  "mcnemar_a2_b": 17,
  "mcnemar_a2_c": 32,
  "mcnemar_a2_p": 0.04438416098714981,
  "mcnemar_a3_b": 15,
  "mcnemar_a3_c": 34,
  "mcnemar_a3_p": 0.009399241523873059,
  "n_items": 84,
  "no_go": false,
  "primary_pass": true,
  "probe_false_sat_max": 0.0,
  "rider": "PROVISIONAL-ON-LLM-PROXY; same 84 self-authored kernel-v0 slots; point-estimate engineering gate, not statistical superiority; soft non-binding typing only -- never hard laws; no feasibility conclusion"
 },
 "gates": {
  "informative_valid": true,
  "instrument_valid": true
 }
}
