{"analysis":{"a1_nonvacuous":67,"a1_nonvacuous_r3":26,"a1_pair_concordant_yes":47,"a1_pair_union_yes":59,"a1_pass_reported_only":true,"a1_precision":0.6547619047619048,"a1_r1_yes":8,"a1_r3_yes":17,"a1_r4_yes":30,"a1_wilson_lb":0.5483359511039806,"a1_wilson_ub":0.7476513715313083,"a1_yes":55,"a1_yes_pB":51,"a2_nonvacuous":83,"a2_nonvacuous_r3":42,"a2_pair_concordant_yes":43,"a2_pair_union_yes":64,"a2_pass":true,"a2_precision":0.6309523809523809,"a2_r1_yes":6,"a2_r3_yes":22,"a2_r4_yes":25,"a2_wilson_lb":0.5241504160580662,"a2_wilson_ub":0.7263003954025629,"a2_yes":53,"a2_yes_pB":54,"a3_nonvacuous":83,"a3_nonvacuous_r3":42,"a3_pair_concordant_yes":42,"a3_pair_union_yes":68,"a3_precision":0.6785714285714286,"a3_r1_yes":5,"a3_r3_yes":27,"a3_r4_yes":25,"a3_wilson_lb":0.5727836073115733,"a3_wilson_ub":0.7687402264983755,"a3_yes":57,"a3_yes_pB":53,"baseline_precision":0.39285714285714285,"baseline_yes":33,"decisive_min_fraction":1.0,"delta_a2":0.23809523809523808,"delta_a3":0.2857142857142857,"forbidden_effects_ok":true,"go_bfo_sumo_only":false,"go_combined":true,"kappa_a1":0.527331189710611,"kappa_a2":0.42962962962962964,"kappa_a3":0.2858942065491185,"mcnemar_a2_b":5,"mcnemar_a2_c":25,"mcnemar_a2_p":0.00032491423189640045,"mcnemar_a3_b":6,"mcnemar_a3_c":30,"mcnemar_a3_p":6.960169412195683e-05,"n_items":84,"no_go":false,"primary_pass":true,"probe_false_sat_max":0.0,"rider":"PROVISIONAL-ON-LLM-PROXY; same 84 self-authored kernel-v0 slots; point-estimate engineering gate, not statistical superiority; soft non-binding typing only -- never hard laws; no feasibility conclusion"},"gates":{"informative_valid":true,"instrument_valid":false}}
