{"analysis":{"coverage_by_rung":{"kernel-v0":0.2210239418867505,"molecules-v0":0.3542001386155407,"wn31-aligned":0.7841253037698164},"coverage_fraction":0.3542001386155407,"coverage_rung":"molecules-v0","n_tokens_total":1709765},"gates":{"instrument_valid":true}}
