{
  "arm": "trainable",
  "seed": 3,
  "lr": 0.001,
  "steps": 12207,
  "tokens": 199999488,
  "budgetFrac": 1.0,
  "nonEmbeddingParams": 12610560,
  "vocabSize": 8000,
  "device": "cuda",
  "frozen": false,
  "frozenRowsBitIdentical": null,
  "final": {
    "valLoss": 1.7170940160751342,
    "valPpl": 5.568323471459141,
    "conceptSliceLoss": 2.8255154143241334,
    "conceptSlicePpl": 16.86963759860936,
    "conceptTargets": 4494
  },
  "wallSeconds": 908.2046205997467
}