{
  "arm": "random-frozen",
  "seed": 4,
  "lr": 0.001,
  "steps": 12207,
  "tokens": 199999488,
  "budgetFrac": 1.0,
  "nonEmbeddingParams": 12610560,
  "vocabSize": 8000,
  "device": "cuda",
  "frozen": true,
  "frozenRowsBitIdentical": true,
  "final": {
    "valLoss": 1.729552561044693,
    "valPpl": 5.638130624686102,
    "conceptSliceLoss": 3.1628467252648096,
    "conceptSlicePpl": 23.637790536922054,
    "conceptTargets": 4446
  },
  "wallSeconds": 908.6068108081818
}