{
  "arm": "shuffled-frozen",
  "seed": 4,
  "lr": 0.001,
  "steps": 12207,
  "tokens": 199999488,
  "budgetFrac": 1.0,
  "nonEmbeddingParams": 12610560,
  "vocabSize": 8000,
  "device": "cuda",
  "frozen": true,
  "frozenRowsBitIdentical": true,
  "final": {
    "valLoss": 1.7365311324596404,
    "valPpl": 5.677614331592038,
    "conceptSliceLoss": 3.4651602514681383,
    "conceptSlicePpl": 31.981584458363248,
    "conceptTargets": 4446
  },
  "wallSeconds": 910.7506165504456
}