{
  "arm": "kernel-init",
  "seed": 3,
  "lr": 0.001,
  "steps": 12207,
  "tokens": 199999488,
  "budgetFrac": 1.0,
  "nonEmbeddingParams": 12610560,
  "vocabSize": 8000,
  "device": "cuda",
  "frozen": false,
  "frozenRowsBitIdentical": null,
  "final": {
    "valLoss": 1.718411034345627,
    "valPpl": 5.575661886559718,
    "conceptSliceLoss": 2.8154398736075184,
    "conceptSlicePpl": 16.700520282990762,
    "conceptTargets": 4494
  },
  "wallSeconds": 910.7332754135132
}