{
  "arm": "kernel-frozen",
  "seed": 2,
  "lr": 0.001,
  "steps": 12207,
  "tokens": 199999488,
  "budgetFrac": 1.0,
  "nonEmbeddingParams": 12610560,
  "vocabSize": 8000,
  "device": "cuda",
  "frozen": true,
  "frozenRowsBitIdentical": true,
  "final": {
    "valLoss": 1.7261811316013336,
    "valPpl": 5.619154072121358,
    "conceptSliceLoss": 3.361897464487877,
    "conceptSlicePpl": 28.843869205256496,
    "conceptTargets": 4676
  },
  "wallSeconds": 861.6169426441193
}