{
  "arm": "kernel-init",
  "seed": 2,
  "lr": 0.001,
  "steps": 12207,
  "tokens": 199999488,
  "budgetFrac": 1.0,
  "nonEmbeddingParams": 12610560,
  "vocabSize": 8000,
  "device": "cuda",
  "frozen": false,
  "frozenRowsBitIdentical": null,
  "final": {
    "valLoss": 1.7171381175518037,
    "valPpl": 5.568569048161914,
    "conceptSliceLoss": 2.817212316090475,
    "conceptSlicePpl": 16.7301472429128,
    "conceptTargets": 4676
  },
  "wallSeconds": 871.6927711963654
}