{
  "arm": "trainable",
  "seed": 4,
  "lr": 0.001,
  "steps": 12207,
  "tokens": 199999488,
  "budgetFrac": 1.0,
  "nonEmbeddingParams": 12610560,
  "vocabSize": 8000,
  "device": "cuda",
  "frozen": false,
  "frozenRowsBitIdentical": null,
  "final": {
    "valLoss": 1.723915547132492,
    "valPpl": 5.60643781424495,
    "conceptSliceLoss": 2.7985497258881753,
    "conceptSlicePpl": 16.420814811221184,
    "conceptTargets": 4446
  },
  "wallSeconds": 908.2258541584015
}