{
  "arm": "random-frozen",
  "seed": 2,
  "lr": 0.001,
  "steps": 12207,
  "tokens": 199999488,
  "budgetFrac": 1.0,
  "nonEmbeddingParams": 12610560,
  "vocabSize": 8000,
  "device": "cuda",
  "frozen": true,
  "frozenRowsBitIdentical": true,
  "final": {
    "valLoss": 1.7214102149009705,
    "valPpl": 5.592409405135314,
    "conceptSliceLoss": 3.1549860136033736,
    "conceptSlicePpl": 23.452709070246087,
    "conceptTargets": 4676
  },
  "wallSeconds": 871.2643985748291
}