{
  "arm": "trainable",
  "seed": 2,
  "lr": 0.001,
  "steps": 12207,
  "tokens": 199999488,
  "budgetFrac": 1.0,
  "nonEmbeddingParams": 12610560,
  "vocabSize": 8000,
  "device": "cuda",
  "frozen": false,
  "frozenRowsBitIdentical": null,
  "final": {
    "valLoss": 1.7163924396038055,
    "valPpl": 5.564418236797378,
    "conceptSliceLoss": 2.828948517759403,
    "conceptSlicePpl": 16.927652337719866,
    "conceptTargets": 4676
  },
  "wallSeconds": 909.6114659309387
}