{
  "arm": "kernel-init",
  "seed": 1,
  "lr": 0.001,
  "steps": 12207,
  "tokens": 199999488,
  "budgetFrac": 1.0,
  "nonEmbeddingParams": 12610560,
  "vocabSize": 8000,
  "device": "cuda",
  "frozen": false,
  "frozenRowsBitIdentical": null,
  "final": {
    "valLoss": 1.7314097702503204,
    "valPpl": 5.648611542400643,
    "conceptSliceLoss": 2.8472644544995327,
    "conceptSlicePpl": 17.24055495184281,
    "conceptTargets": 4547
  },
  "wallSeconds": 868.0162868499756
}