{
  "arm": "kernel-frozen",
  "seed": 0,
  "lr": 0.001,
  "steps": 12207,
  "tokens": 199999488,
  "budgetFrac": 1.0,
  "nonEmbeddingParams": 12610560,
  "vocabSize": 8000,
  "device": "cuda",
  "frozen": true,
  "frozenRowsBitIdentical": true,
  "final": {
    "valLoss": 1.7312352240085602,
    "valPpl": 5.647625684526151,
    "conceptSliceLoss": 3.42559737075222,
    "conceptSlicePpl": 30.741003143775536,
    "conceptTargets": 4575
  },
  "wallSeconds": 910.3974516391754
}