{
  "arm": "random-frozen",
  "seed": 0,
  "lr": 0.001,
  "steps": 12207,
  "tokens": 199999488,
  "budgetFrac": 1.0,
  "nonEmbeddingParams": 12610560,
  "vocabSize": 8000,
  "device": "cuda",
  "frozen": true,
  "frozenRowsBitIdentical": true,
  "final": {
    "valLoss": 1.7248785555362702,
    "valPpl": 5.611839461473715,
    "conceptSliceLoss": 3.2345087703850752,
    "conceptSlicePpl": 25.393894481482683,
    "conceptTargets": 4575
  },
  "wallSeconds": 861.8254895210266
}