{
  "arm": "kernel-init",
  "seed": 0,
  "lr": 0.001,
  "steps": 12207,
  "tokens": 199999488,
  "budgetFrac": 1.0,
  "nonEmbeddingParams": 12610560,
  "vocabSize": 8000,
  "device": "cuda",
  "frozen": false,
  "frozenRowsBitIdentical": null,
  "final": {
    "valLoss": 1.7229733347892762,
    "valPpl": 5.601157847150594,
    "conceptSliceLoss": 2.8995258335467895,
    "conceptSlicePpl": 18.165529842151532,
    "conceptTargets": 4575
  },
  "wallSeconds": 861.7042636871338
}