{
  "arm": "trainable",
  "seed": 1,
  "lr": 0.001,
  "steps": 12207,
  "tokens": 199999488,
  "budgetFrac": 1.0,
  "nonEmbeddingParams": 12610560,
  "vocabSize": 8000,
  "device": "cuda",
  "frozen": false,
  "frozenRowsBitIdentical": null,
  "final": {
    "valLoss": 1.732003629207611,
    "valPpl": 5.651967017202123,
    "conceptSliceLoss": 2.84881781063579,
    "conceptSlicePpl": 17.267356484443148,
    "conceptTargets": 4547
  },
  "wallSeconds": 908.3947846889496
}