{
  "arm": "shuffled-frozen",
  "seed": 2,
  "lr": 0.001,
  "steps": 12207,
  "tokens": 199999488,
  "budgetFrac": 1.0,
  "nonEmbeddingParams": 12610560,
  "vocabSize": 8000,
  "device": "cuda",
  "frozen": true,
  "frozenRowsBitIdentical": true,
  "final": {
    "valLoss": 1.7233941316604615,
    "valPpl": 5.603515292815784,
    "conceptSliceLoss": 3.452914705431492,
    "conceptSlicePpl": 31.592340609314295,
    "conceptTargets": 4676
  },
  "wallSeconds": 870.9467008113861
}