{
  "arm": "kernel-init",
  "seed": 4,
  "lr": 0.001,
  "steps": 12207,
  "tokens": 199999488,
  "budgetFrac": 1.0,
  "nonEmbeddingParams": 12610560,
  "vocabSize": 8000,
  "device": "cuda",
  "frozen": false,
  "frozenRowsBitIdentical": null,
  "final": {
    "valLoss": 1.7258120894432067,
    "valPpl": 5.617080749970906,
    "conceptSliceLoss": 2.7958537731093434,
    "conceptSlicePpl": 16.376604690875773,
    "conceptTargets": 4446
  },
  "wallSeconds": 907.5800919532776
}