{
  "arm": "random-frozen",
  "seed": 3,
  "lr": 0.001,
  "steps": 12207,
  "tokens": 199999488,
  "budgetFrac": 1.0,
  "nonEmbeddingParams": 12610560,
  "vocabSize": 8000,
  "device": "cuda",
  "frozen": true,
  "frozenRowsBitIdentical": true,
  "final": {
    "valLoss": 1.7221744120121003,
    "valPpl": 5.596684741638811,
    "conceptSliceLoss": 3.16076463224838,
    "conceptSlicePpl": 23.588625659007047,
    "conceptTargets": 4494
  },
  "wallSeconds": 907.7746036052704
}