{
  "arm": "kernel-frozen",
  "seed": 1,
  "lr": 0.001,
  "steps": 12207,
  "tokens": 199999488,
  "budgetFrac": 1.0,
  "nonEmbeddingParams": 12610560,
  "vocabSize": 8000,
  "device": "cuda",
  "frozen": true,
  "frozenRowsBitIdentical": true,
  "final": {
    "valLoss": 1.7424992799758912,
    "valPpl": 5.711600487781444,
    "conceptSliceLoss": 3.395773537583159,
    "conceptSlicePpl": 29.837725152184095,
    "conceptTargets": 4547
  },
  "wallSeconds": 909.7208261489868
}