{
  "arm": "shuffled-frozen",
  "seed": 1,
  "lr": 0.001,
  "steps": 12207,
  "tokens": 199999488,
  "budgetFrac": 1.0,
  "nonEmbeddingParams": 12610560,
  "vocabSize": 8000,
  "device": "cuda",
  "frozen": true,
  "frozenRowsBitIdentical": true,
  "final": {
    "valLoss": 1.7411180078983306,
    "valPpl": 5.703716659618815,
    "conceptSliceLoss": 3.4745719780469955,
    "conceptSlicePpl": 32.28400731506676,
    "conceptTargets": 4547
  },
  "wallSeconds": 910.1045074462891
}