{
  "arm": "trainable",
  "seed": 0,
  "lr": 0.001,
  "steps": 12207,
  "tokens": 199999488,
  "budgetFrac": 1.0,
  "nonEmbeddingParams": 12610560,
  "vocabSize": 8000,
  "device": "cuda",
  "frozen": false,
  "frozenRowsBitIdentical": null,
  "final": {
    "valLoss": 1.7221734881401063,
    "valPpl": 5.596679571020907,
    "conceptSliceLoss": 2.9080842031676912,
    "conceptSlicePpl": 18.321664336241945,
    "conceptTargets": 4575
  },
  "wallSeconds": 908.0940415859222
}