{
  "arm": "shuffled-frozen",
  "seed": 3,
  "lr": 0.001,
  "steps": 12207,
  "tokens": 199999488,
  "budgetFrac": 1.0,
  "nonEmbeddingParams": 12610560,
  "vocabSize": 8000,
  "device": "cuda",
  "frozen": true,
  "frozenRowsBitIdentical": true,
  "final": {
    "valLoss": 1.7252686858177184,
    "valPpl": 5.614029237103379,
    "conceptSliceLoss": 3.318709709191248,
    "conceptSlicePpl": 27.624683677696826,
    "conceptTargets": 4494
  },
  "wallSeconds": 910.5486793518066
}