{
  "arm": "kernel-frozen",
  "seed": 3,
  "lr": 0.001,
  "steps": 12207,
  "tokens": 199999488,
  "budgetFrac": 1.0,
  "nonEmbeddingParams": 12610560,
  "vocabSize": 8000,
  "device": "cuda",
  "frozen": true,
  "frozenRowsBitIdentical": true,
  "final": {
    "valLoss": 1.7231839954853059,
    "valPpl": 5.602337915253867,
    "conceptSliceLoss": 3.326183093299747,
    "conceptSlicePpl": 27.831906914643014,
    "conceptTargets": 4494
  },
  "wallSeconds": 910.736869096756
}