{
  "arm": "shuffled-frozen",
  "seed": 0,
  "lr": 0.001,
  "steps": 12207,
  "tokens": 199999488,
  "budgetFrac": 1.0,
  "nonEmbeddingParams": 12610560,
  "vocabSize": 8000,
  "device": "cuda",
  "frozen": true,
  "frozenRowsBitIdentical": true,
  "final": {
    "valLoss": 1.731225609779358,
    "valPpl": 5.647571387219385,
    "conceptSliceLoss": 3.4887808310920425,
    "conceptSlicePpl": 32.7460004543423,
    "conceptTargets": 4575
  },
  "wallSeconds": 865.9198279380798
}