{
  "arm": "kernel-frozen",
  "seed": 4,
  "lr": 0.001,
  "steps": 12207,
  "tokens": 199999488,
  "budgetFrac": 1.0,
  "nonEmbeddingParams": 12610560,
  "vocabSize": 8000,
  "device": "cuda",
  "frozen": true,
  "frozenRowsBitIdentical": true,
  "final": {
    "valLoss": 1.734657233953476,
    "valPpl": 5.6669850208126835,
    "conceptSliceLoss": 3.3739253639155984,
    "conceptSlicePpl": 29.19289518002532,
    "conceptTargets": 4446
  },
  "wallSeconds": 911.2144529819489
}