{
  "arm": "random-frozen",
  "seed": 1,
  "lr": 0.001,
  "steps": 12207,
  "tokens": 199999488,
  "budgetFrac": 1.0,
  "nonEmbeddingParams": 12610560,
  "vocabSize": 8000,
  "device": "cuda",
  "frozen": true,
  "frozenRowsBitIdentical": true,
  "final": {
    "valLoss": 1.7373843908309936,
    "valPpl": 5.682460870930872,
    "conceptSliceLoss": 3.213910155068761,
    "conceptSlicePpl": 24.876165968925054,
    "conceptTargets": 4547
  },
  "wallSeconds": 870.7194995880127
}