{
 "analysis": {
  "acc_external_text": 0.5582750582750583,
  "acc_internal": 0.5675990675990676,
  "acc_kernel_as_text": 0.31934731934731936,
  "acc_noop_hook": 0.2529137529137529,
  "acc_random_dir": 0.2680652680652681,
  "acc_shuffled": 0.2494172494172494,
  "acc_text_only": 0.23892773892773891,
  "delta_primary": 0.009324009324009324,
  "delta_primary_bca_lb": -0.030303030303030304,
  "delta_primary_bca_lb90": -0.023310023310023312,
  "delta_primary_bca_ub": 0.046620046620046623,
  "delta_primary_bca_ub90": 0.038461538461538464,
  "external_vs_textonly_delta": 0.31934731934731936,
  "external_vs_textonly_lb": 0.27855477855477856,
  "falsefire_wilson_ub": 0.008937872175128179,
  "loop_vs_textonly_delta": 0.32867132867132864,
  "loop_vs_textonly_lb": 0.289044289044289,
  "mean_extra_tokens_external": 5.980186480186481,
  "mean_extra_tokens_internal": 8.0,
  "n_covered_paired": 858,
  "spec_delta_abs": 0.3181818181818182,
  "spec_delta_abs_lb": 0.28088578088578087,
  "tost_equivalent": false
 },
 "gates": {
  "extraction_failure_wilson_ub": 0.15477066453238308,
  "headroom_ok": true,
  "instrument_valid": true,
  "mapper_abstention_rate_covered": 0.1456876456876457,
  "stage0_n_swept": 300,
  "stage0_rescuable_wilson_lb": 0.5292652359599328
 }
}
