{
  "store": "native512",
  "D": 512,
  "classified": false,
  "wallSeconds": 0.8326270003318786,
  "nnAll": {
    "n": 1000,
    "min": 0.11024477614320553,
    "p5": 0.12182405047716871,
    "p25": 0.13728268430682483,
    "median": 0.15960151490800784,
    "p75": 0.4405765556247557,
    "p95": 1.0000000000000009,
    "p99": 1.000000000000012,
    "max": 1.000000000000012,
    "mean": 0.33387338370791153,
    "sd": 0.3030435530196431
  },
  "pairsAbove": {
    ">0.99": 3811,
    ">0.999": 3811,
    ">0.9999": 3811
  },
  "exactDuplicateRows": 3811,
  "predictedCurveAtM": 0.16426630530490413,
  "predictedSigma": 0.044194173824159216
}