{
  "store": "native512lex",
  "D": 512,
  "classified": false,
  "wallSeconds": 0.8680729999542236,
  "nnAll": {
    "n": 1000,
    "min": 0.10574382574596305,
    "p5": 0.12400028700434072,
    "p25": 0.1396061633820904,
    "median": 0.15981235449559403,
    "p75": 0.3188294933804404,
    "p95": 0.6319372888039061,
    "p99": 0.8366857036501689,
    "max": 1.0000000000000169,
    "mean": 0.2561309409436904,
    "sd": 0.18187353689818936
  },
  "pairsAbove": {
    ">0.99": 5,
    ">0.999": 5,
    ">0.9999": 5
  },
  "exactDuplicateRows": 5,
  "predictedCurveAtM": 0.16426630530490413,
  "predictedSigma": 0.044194173824159216
}