{
  "store": "proj576",
  "D": 576,
  "classified": true,
  "wallSeconds": 1.1189310002326964,
  "nnAll": {
    "n": 1000,
    "min": 0.0963942942496238,
    "p5": 0.11950541269585649,
    "p25": 0.13453219457466123,
    "median": 0.15519218484261402,
    "p75": 0.43603236226628184,
    "p95": 0.9999999999999984,
    "p99": 1.0000000000000018,
    "max": 1.0000000000000029,
    "mean": 0.33173387560634526,
    "sd": 0.30421344764301167
  },
  "nnDisjoint": {
    "n": 1000,
    "min": 0.0963942942496238,
    "p5": 0.11696724650535933,
    "p25": 0.12825508721991666,
    "median": 0.1373328236878833,
    "p75": 0.14546073203225263,
    "p95": 0.16378621344863542,
    "p99": 0.17668129324882897,
    "max": 0.2039899790044853,
    "mean": 0.13829465126740137,
    "sd": 0.014511377467347167
  },
  "disjointPairSigma": 0.043357514163102316,
  "disjointPairMax": 0.2039899790044853,
  "disjointPairCount": 474009,
  "pairsAbove": {
    ">0.99": 3811,
    ">0.999": 3811,
    ">0.9999": 3811
  },
  "exactDuplicateRows": 3811,
  "predictedCurveAtM": 0.15487175786874327,
  "predictedSigma": 0.041666666666666664
}