{
  "store": "proj512",
  "D": 512,
  "classified": true,
  "wallSeconds": 1.0214660000801086,
  "nnAll": {
    "n": 1000,
    "min": 0.11320472251448162,
    "p5": 0.12837908176774776,
    "p25": 0.14174815235015215,
    "median": 0.16170547073685715,
    "p75": 0.4367431662312918,
    "p95": 1.0000000000000007,
    "p99": 1.0000000000000013,
    "max": 1.0000000000000018,
    "mean": 0.3362657306819774,
    "sd": 0.3014538693417267
  },
  "nnDisjoint": {
    "n": 1000,
    "min": 0.10823040673418276,
    "p5": 0.1233245110007753,
    "p25": 0.13490376728188352,
    "median": 0.14475924502586793,
    "p75": 0.15836679842489668,
    "p95": 0.1709129967428925,
    "p99": 0.19031508448173698,
    "max": 0.20152313628933446,
    "mean": 0.14614437657176224,
    "sd": 0.015341891826549443
  },
  "disjointPairSigma": 0.04573675452059266,
  "disjointPairMax": 0.20152313628933446,
  "disjointPairCount": 474009,
  "pairsAbove": {
    ">0.99": 3811,
    ">0.999": 3811,
    ">0.9999": 3811
  },
  "exactDuplicateRows": 3811,
  "predictedCurveAtM": 0.16426630530490413,
  "predictedSigma": 0.044194173824159216
}