{
  "sampleSize": 1000,
  "pairCount": 499500,
  "canonNnAll": {
    "n": 1000,
    "min": 0.027378308165691166,
    "p5": 0.03247541655808983,
    "p25": 0.039112167502833986,
    "median": 0.08231930995941053,
    "p75": 0.43166367947013434,
    "p95": 1.0000000000000142,
    "p99": 1.0000000000001221,
    "max": 1.000000000000255,
    "mean": 0.28090099289575227,
    "sd": 0.3372341358843061
  },
  "canonNnDisjoint": {
    "n": 1000,
    "min": 0.02678497132364506,
    "p5": 0.02986906209449515,
    "p25": 0.03280154533081731,
    "median": 0.03438514646807095,
    "p75": 0.037274316948107386,
    "p95": 0.04203918000791953,
    "p99": 0.045396562717413574,
    "max": 0.054092092825374714,
    "mean": 0.035200951843816775,
    "sd": 0.0036676017777958745
  },
  "canonDisjointSigma": 0.01095847031795268,
  "canonDisjointMax": 0.054092092825374714,
  "canonPredictedSigma": 0.011048543456039804,
  "canonPredictedCurveAtSample": 0.04106657632622603,
  "canonPredictedCurveAt1e4": 0.04741959779328583,
  "rdmSpearman": {
    "proj512": 0.26451708317408235,
    "proj576": 0.2782938718140809,
    "native512": 0.04417845008511883,
    "native576": 0.05418362569631897,
    "native512lex": 0.03698760957810989
  },
  "rdmSpearmanTopPairs": {
    "proj512": 0.9768494939351697,
    "proj576": 0.9856405479275746,
    "native512": 0.9841369412260048,
    "native576": 0.9507973080773988,
    "native512lex": 0.3740929430787758
  },
  "topPairCount": 7051,
  "nnRecallAt1": {
    "proj512": 0.396,
    "proj576": 0.41,
    "native512": 0.401,
    "native576": 0.416,
    "native512lex": 0.236
  },
  "nnRecallAt10": {
    "proj512": 0.504,
    "proj576": 0.502,
    "native512": 0.485,
    "native576": 0.491,
    "native512lex": 0.342
  },
  "nnRecallAt1Strong": {
    "proj512": 0.6348949919224556,
    "proj576": 0.6558966074313409,
    "native512": 0.6462035541195477,
    "native576": 0.6672051696284329,
    "native512lex": 0.37964458804523427
  },
  "nnRecallAt10Strong": {
    "proj512": 0.7673667205169629,
    "proj576": 0.7689822294022617,
    "native512": 0.7689822294022617,
    "native576": 0.7689822294022617,
    "native512lex": 0.5363489499192245
  },
  "strongNnCount": 619,
  "wallSeconds": 40.11066300010681
}