{
  "config_index": 111,
  "rho": 0.1,
  "n_nonce": 160,
  "R": 3000,
  "pi0": 0.6,
  "arms": {
    "H": {
      "emp_sd_pihat": 0.08858572099833881,
      "mean_boot_null_sd": 0.10725694465130482,
      "sd_ratio": 1.210770126861824,
      "sd_ratio_flag": "ok(>=1)",
      "floor_binding_s": 0.9033333333333333,
      "floor_binding_r": 0.8963333333333333,
      "rho_tilde_quartiles": {
        "c": [
          0.45580459117889405,
          0.5183875656127929,
          0.5782230472564698
        ],
        "s": [
          0.15,
          0.15,
          0.15
        ],
        "r": [
          0.15,
          0.15,
          0.15
        ]
      },
      "gamma": {
        "0.02500": {
          "rej_rate": 0.007,
          "rej_count": 21,
          "mcse": 0.001522169504358828,
          "cp_upper95": 0.010064614272093703,
          "bar_1.25g": 0.03125,
          "pass": true
        },
        "0.00625": {
          "rej_rate": 0.0006666666666666666,
          "rej_count": 2,
          "mcse": 0.00047124735975289457,
          "cp_upper95": 0.002097095855532433,
          "bar_1.25g": 0.0078125,
          "pass": true
        }
      }
    },
    "A2IR": {
      "emp_sd_pihat": 0.08856762102985559,
      "mean_boot_null_sd": 0.1071829723640398,
      "sd_ratio": 1.2101823569124555,
      "sd_ratio_flag": "ok(>=1)",
      "floor_binding_s": 0.9086666666666666,
      "floor_binding_r": 0.891,
      "rho_tilde_quartiles": {
        "c": [
          0.4549012994766235,
          0.5168228101730347,
          0.5761154055595397
        ],
        "s": [
          0.15,
          0.15,
          0.15
        ],
        "r": [
          0.15,
          0.15,
          0.15
        ]
      },
      "gamma": {
        "0.02500": {
          "rej_rate": 0.007666666666666666,
          "rej_count": 23,
          "mcse": 0.0015924707102370713,
          "cp_upper95": 0.010844429869223139,
          "bar_1.25g": 0.03125,
          "pass": true
        },
        "0.00625": {
          "rej_rate": 0.0023333333333333335,
          "rej_count": 7,
          "mcse": 0.0008808875995057276,
          "cp_upper95": 0.004378214437280743,
          "bar_1.25g": 0.0078125,
          "pass": true
        }
      }
    },
    "A2": {
      "emp_sd_pihat": 0.08725968520201516,
      "mean_boot_null_sd": 0.10745445692763468,
      "sd_ratio": 1.2314330114630432,
      "sd_ratio_flag": "ok(>=1)",
      "floor_binding_s": 0.9026666666666666,
      "floor_binding_r": 0.8903333333333333,
      "rho_tilde_quartiles": {
        "c": [
          0.45561323165893547,
          0.5182048511505128,
          0.5759055876731872
        ],
        "s": [
          0.15,
          0.15,
          0.15
        ],
        "r": [
          0.15,
          0.15,
          0.15
        ]
      },
      "gamma": {
        "0.02500": {
          "rej_rate": 0.007333333333333333,
          "rej_count": 22,
          "mcse": 0.0015577286408481159,
          "cp_upper95": 0.010455161179697949,
          "bar_1.25g": 0.03125,
          "pass": true
        },
        "0.00625": {
          "rej_rate": 0.001,
          "rej_count": 3,
          "mcse": 0.0005770615218501404,
          "cp_upper95": 0.0025825051382936544,
          "bar_1.25g": 0.0078125,
          "pass": true
        }
      }
    },
    "A1": {
      "emp_sd_pihat": 0.0882304868363998,
      "mean_boot_null_sd": 0.10713668468818219,
      "sd_ratio": 1.2142819169391976,
      "sd_ratio_flag": "ok(>=1)",
      "floor_binding_s": 0.9126666666666666,
      "floor_binding_r": 0.8933333333333333,
      "rho_tilde_quartiles": {
        "c": [
          0.4610563468933105,
          0.5204670524597168,
          0.5776097154617309
        ],
        "s": [
          0.15,
          0.15,
          0.15
        ],
        "r": [
          0.15,
          0.15,
          0.15
        ]
      },
      "gamma": {
        "0.02500": {
          "rej_rate": 0.006333333333333333,
          "rej_count": 19,
          "mcse": 0.001448357946345012,
          "cp_upper95": 0.009279320691467637,
          "bar_1.25g": 0.03125,
          "pass": true
        },
        "0.00625": {
          "rej_rate": 0.0013333333333333333,
          "rej_count": 4,
          "mcse": 0.0006662220739752263,
          "cp_upper95": 0.003048553035598473,
          "bar_1.25g": 0.0078125,
          "pass": true
        }
      }
    }
  }
}