{
  "config_index": 112,
  "rho": 0.8,
  "n_nonce": 96,
  "R": 3000,
  "pi0": 0.6,
  "arms": {
    "H": {
      "emp_sd_pihat": 0.09050328523401475,
      "mean_boot_null_sd": 0.11003341730740472,
      "sd_ratio": 1.2157947307977917,
      "sd_ratio_flag": "ok(>=1)",
      "floor_binding_s": 0.892,
      "floor_binding_r": 0.8693333333333333,
      "rho_tilde_quartiles": {
        "c": [
          0.42931403160095216,
          0.5099495220184327,
          0.5806083822250366
        ],
        "s": [
          0.15,
          0.15,
          0.15
        ],
        "r": [
          0.15,
          0.15,
          0.15
        ]
      },
      "gamma": {
        "0.02500": {
          "rej_rate": 0.007333333333333333,
          "rej_count": 22,
          "mcse": 0.0015577286408481159,
          "cp_upper95": 0.010455161179697949,
          "bar_1.25g": 0.03125,
          "pass": true
        },
        "0.00625": {
          "rej_rate": 0.001,
          "rej_count": 3,
          "mcse": 0.0005770615218501404,
          "cp_upper95": 0.0025825051382936544,
          "bar_1.25g": 0.0078125,
          "pass": true
        }
      }
    },
    "A2IR": {
      "emp_sd_pihat": 0.09104813619853853,
      "mean_boot_null_sd": 0.11003767021868052,
      "sd_ratio": 1.208565873097431,
      "sd_ratio_flag": "ok(>=1)",
      "floor_binding_s": 0.901,
      "floor_binding_r": 0.8576666666666667,
      "rho_tilde_quartiles": {
        "c": [
          0.4376825642585755,
          0.515139594078064,
          0.5840657043457033
        ],
        "s": [
          0.15,
          0.15,
          0.15
        ],
        "r": [
          0.15,
          0.15,
          0.15
        ]
      },
      "gamma": {
        "0.02500": {
          "rej_rate": 0.008,
          "rej_count": 24,
          "mcse": 0.0016264480727442034,
          "cp_upper95": 0.01123249969360223,
          "bar_1.25g": 0.03125,
          "pass": true
        },
        "0.00625": {
          "rej_rate": 0.0023333333333333335,
          "rej_count": 7,
          "mcse": 0.0008808875995057276,
          "cp_upper95": 0.004378214437280743,
          "bar_1.25g": 0.0078125,
          "pass": true
        }
      }
    },
    "A2": {
      "emp_sd_pihat": 0.09125503078864496,
      "mean_boot_null_sd": 0.10953076067673014,
      "sd_ratio": 1.2002709300533079,
      "sd_ratio_flag": "ok(>=1)",
      "floor_binding_s": 0.9193333333333333,
      "floor_binding_r": 0.8636666666666667,
      "rho_tilde_quartiles": {
        "c": [
          0.4421696996688843,
          0.5186819648742677,
          0.5882293510437013
        ],
        "s": [
          0.15,
          0.15,
          0.15
        ],
        "r": [
          0.15,
          0.15,
          0.15
        ]
      },
      "gamma": {
        "0.02500": {
          "rej_rate": 0.007666666666666666,
          "rej_count": 23,
          "mcse": 0.0015924707102370713,
          "cp_upper95": 0.010844429869223139,
          "bar_1.25g": 0.03125,
          "pass": true
        },
        "0.00625": {
          "rej_rate": 0.0006666666666666666,
          "rej_count": 2,
          "mcse": 0.00047124735975289457,
          "cp_upper95": 0.002097095855532433,
          "bar_1.25g": 0.0078125,
          "pass": true
        }
      }
    },
    "A1": {
      "emp_sd_pihat": 0.09023980379373853,
      "mean_boot_null_sd": 0.10990254572200425,
      "sd_ratio": 1.2178943337821182,
      "sd_ratio_flag": "ok(>=1)",
      "floor_binding_s": 0.8983333333333333,
      "floor_binding_r": 0.8683333333333333,
      "rho_tilde_quartiles": {
        "c": [
          0.4372933030128479,
          0.5146061706542968,
          0.5842548441886901
        ],
        "s": [
          0.15,
          0.15,
          0.15
        ],
        "r": [
          0.15,
          0.15,
          0.15
        ]
      },
      "gamma": {
        "0.02500": {
          "rej_rate": 0.005666666666666667,
          "rej_count": 17,
          "mcse": 0.0013704689654221234,
          "cp_upper95": 0.008487698775526025,
          "bar_1.25g": 0.03125,
          "pass": true
        },
        "0.00625": {
          "rej_rate": 0.001,
          "rej_count": 3,
          "mcse": 0.0005770615218501404,
          "cp_upper95": 0.0025825051382936544,
          "bar_1.25g": 0.0078125,
          "pass": true
        }
      }
    }
  }
}