{
  "config_index": 113,
  "rho": 0.8,
  "n_nonce": 160,
  "R": 3000,
  "pi0": 0.6,
  "arms": {
    "H": {
      "emp_sd_pihat": 0.08853323994758852,
      "mean_boot_null_sd": 0.10716886425726008,
      "sd_ratio": 1.2104929664914985,
      "sd_ratio_flag": "ok(>=1)",
      "floor_binding_s": 0.9093333333333333,
      "floor_binding_r": 0.896,
      "rho_tilde_quartiles": {
        "c": [
          0.4561436176300047,
          0.5209778118133546,
          0.5760421562194825
        ],
        "s": [
          0.15,
          0.15,
          0.15
        ],
        "r": [
          0.15,
          0.15,
          0.15
        ]
      },
      "gamma": {
        "0.02500": {
          "rej_rate": 0.008333333333333333,
          "rej_count": 25,
          "mcse": 0.0016597076940321838,
          "cp_upper95": 0.011619442073553256,
          "bar_1.25g": 0.03125,
          "pass": true
        },
        "0.00625": {
          "rej_rate": 0.0,
          "rej_count": 0,
          "mcse": 0.0,
          "cp_upper95": 0.0009980790119965867,
          "bar_1.25g": 0.0078125,
          "pass": true
        }
      }
    },
    "A2IR": {
      "emp_sd_pihat": 0.0877283204001506,
      "mean_boot_null_sd": 0.10714902029113678,
      "sd_ratio": 1.221373209955503,
      "sd_ratio_flag": "ok(>=1)",
      "floor_binding_s": 0.9116666666666666,
      "floor_binding_r": 0.8926666666666667,
      "rho_tilde_quartiles": {
        "c": [
          0.45526602745056166,
          0.5147250986099243,
          0.5744617462158204
        ],
        "s": [
          0.15,
          0.15,
          0.15
        ],
        "r": [
          0.15,
          0.15,
          0.15
        ]
      },
      "gamma": {
        "0.02500": {
          "rej_rate": 0.004333333333333333,
          "rej_count": 13,
          "mcse": 0.001199243588761343,
          "cp_upper95": 0.006880716344667235,
          "bar_1.25g": 0.03125,
          "pass": true
        },
        "0.00625": {
          "rej_rate": 0.0,
          "rej_count": 0,
          "mcse": 0.0,
          "cp_upper95": 0.0009980790119965867,
          "bar_1.25g": 0.0078125,
          "pass": true
        }
      }
    },
    "A2": {
      "emp_sd_pihat": 0.08799596432595258,
      "mean_boot_null_sd": 0.10712199958253192,
      "sd_ratio": 1.2173512774487376,
      "sd_ratio_flag": "ok(>=1)",
      "floor_binding_s": 0.916,
      "floor_binding_r": 0.8916666666666667,
      "rho_tilde_quartiles": {
        "c": [
          0.45749785423278805,
          0.518879165649414,
          0.5764468383789065
        ],
        "s": [
          0.15,
          0.15,
          0.15
        ],
        "r": [
          0.15,
          0.15,
          0.15
        ]
      },
      "gamma": {
        "0.02500": {
          "rej_rate": 0.006333333333333333,
          "rej_count": 19,
          "mcse": 0.001448357946345012,
          "cp_upper95": 0.009279320691467637,
          "bar_1.25g": 0.03125,
          "pass": true
        },
        "0.00625": {
          "rej_rate": 0.0006666666666666666,
          "rej_count": 2,
          "mcse": 0.00047124735975289457,
          "cp_upper95": 0.002097095855532433,
          "bar_1.25g": 0.0078125,
          "pass": true
        }
      }
    },
    "A1": {
      "emp_sd_pihat": 0.08808315511212217,
      "mean_boot_null_sd": 0.10728694569338404,
      "sd_ratio": 1.2180188772395484,
      "sd_ratio_flag": "ok(>=1)",
      "floor_binding_s": 0.9073333333333333,
      "floor_binding_r": 0.8893333333333333,
      "rho_tilde_quartiles": {
        "c": [
          0.45508599996566784,
          0.5174938535690308,
          0.5758484601974487
        ],
        "s": [
          0.15,
          0.15,
          0.15
        ],
        "r": [
          0.15,
          0.15,
          0.15
        ]
      },
      "gamma": {
        "0.02500": {
          "rej_rate": 0.007666666666666666,
          "rej_count": 23,
          "mcse": 0.0015924707102370713,
          "cp_upper95": 0.010844429869223139,
          "bar_1.25g": 0.03125,
          "pass": true
        },
        "0.00625": {
          "rej_rate": 0.0016666666666666668,
          "rej_count": 5,
          "mcse": 0.0007447346034861208,
          "cp_upper95": 0.0035011258326776203,
          "bar_1.25g": 0.0078125,
          "pass": true
        }
      }
    }
  }
}