{
  "config_index": 100000,
  "rho": 0.1,
  "n_nonce": 96,
  "R": 2000,
  "pi0": 0.6,
  "arms": {
    "H": {
      "emp_sd_pihat": 0.08980208875385562,
      "mean_boot_null_sd": 0.11016701016390433,
      "sd_ratio": 1.2267755872123225,
      "sd_ratio_flag": "ok(>=1)",
      "floor_binding_s": 0.8925,
      "floor_binding_r": 0.8555,
      "rho_tilde_quartiles": {
        "c": [
          0.41169365167617794,
          0.48913829803466813,
          0.564006016254425
        ],
        "s": [
          0.15,
          0.15,
          0.15
        ],
        "r": [
          0.15,
          0.15,
          0.15
        ]
      },
      "gamma": {
        "0.02500": {
          "rej_rate": 0.0075,
          "rej_count": 15,
          "mcse": 0.0019292161620720473,
          "cp_upper95": 0.011525178568058531,
          "bar_1.25g": 0.03125,
          "pass": true
        },
        "0.00625": {
          "rej_rate": 0.001,
          "rej_count": 2,
          "mcse": 0.0007067531393633848,
          "cp_upper95": 0.0031445178378896837,
          "bar_1.25g": 0.0078125,
          "pass": true
        }
      }
    },
    "A2IR": {
      "emp_sd_pihat": 0.091992552410255,
      "mean_boot_null_sd": 0.11004575468872067,
      "sd_ratio": 1.1962463460950037,
      "sd_ratio_flag": "ok(>=1)",
      "floor_binding_s": 0.891,
      "floor_binding_r": 0.852,
      "rho_tilde_quartiles": {
        "c": [
          0.4084693956375124,
          0.49242972850799555,
          0.5685887145996096
        ],
        "s": [
          0.15,
          0.15,
          0.15
        ],
        "r": [
          0.15,
          0.15,
          0.15
        ]
      },
      "gamma": {
        "0.02500": {
          "rej_rate": 0.0045,
          "rej_count": 9,
          "mcse": 0.0014966211945579282,
          "cp_upper95": 0.007839446211579703,
          "bar_1.25g": 0.03125,
          "pass": true
        },
        "0.00625": {
          "rej_rate": 0.0,
          "rej_count": 0,
          "mcse": 0.0,
          "cp_upper95": 0.0014967448951882837,
          "bar_1.25g": 0.0078125,
          "pass": true
        }
      }
    },
    "A2": {
      "emp_sd_pihat": 0.09234517798033169,
      "mean_boot_null_sd": 0.10981569054856782,
      "sd_ratio": 1.1891870582777708,
      "sd_ratio_flag": "ok(>=1)",
      "floor_binding_s": 0.91,
      "floor_binding_r": 0.8605,
      "rho_tilde_quartiles": {
        "c": [
          0.4159592866897582,
          0.49692352294921877,
          0.5703664422035217
        ],
        "s": [
          0.15,
          0.15,
          0.15
        ],
        "r": [
          0.15,
          0.15,
          0.15
        ]
      },
      "gamma": {
        "0.02500": {
          "rej_rate": 0.0085,
          "rej_count": 17,
          "mcse": 0.0020527725154044713,
          "cp_upper95": 0.01272250976343753,
          "bar_1.25g": 0.03125,
          "pass": true
        },
        "0.00625": {
          "rej_rate": 0.0025,
          "rej_count": 5,
          "mcse": 0.001116635571706365,
          "cp_upper95": 0.005249275286933494,
          "bar_1.25g": 0.0078125,
          "pass": true
        }
      }
    },
    "A1": {
      "emp_sd_pihat": 0.09142504586414278,
      "mean_boot_null_sd": 0.10990006158859725,
      "sd_ratio": 1.202078276798551,
      "sd_ratio_flag": "ok(>=1)",
      "floor_binding_s": 0.904,
      "floor_binding_r": 0.855,
      "rho_tilde_quartiles": {
        "c": [
          0.4111160683631897,
          0.491561484336853,
          0.5635297203063966
        ],
        "s": [
          0.15,
          0.15,
          0.15
        ],
        "r": [
          0.15,
          0.15,
          0.15
        ]
      },
      "gamma": {
        "0.02500": {
          "rej_rate": 0.013,
          "rej_count": 26,
          "mcse": 0.0025328837320335094,
          "cp_upper95": 0.017992800663733204,
          "bar_1.25g": 0.03125,
          "pass": true
        },
        "0.00625": {
          "rej_rate": 0.0025,
          "rej_count": 5,
          "mcse": 0.001116635571706365,
          "cp_upper95": 0.005249275286933494,
          "bar_1.25g": 0.0078125,
          "pass": true
        }
      }
    }
  }
}