{
  "config_index": 110,
  "rho": 0.1,
  "n_nonce": 96,
  "R": 3000,
  "pi0": 0.6,
  "arms": {
    "H": {
      "emp_sd_pihat": 0.09129668512302398,
      "mean_boot_null_sd": 0.10978249164684337,
      "sd_ratio": 1.2024805884124863,
      "sd_ratio_flag": "ok(>=1)",
      "floor_binding_s": 0.903,
      "floor_binding_r": 0.868,
      "rho_tilde_quartiles": {
        "c": [
          0.43686864376068124,
          0.5090964651107789,
          0.586747658252716
        ],
        "s": [
          0.15,
          0.15,
          0.15
        ],
        "r": [
          0.15,
          0.15,
          0.15
        ]
      },
      "gamma": {
        "0.02500": {
          "rej_rate": 0.004333333333333333,
          "rej_count": 13,
          "mcse": 0.001199243588761343,
          "cp_upper95": 0.006880716344667235,
          "bar_1.25g": 0.03125,
          "pass": true
        },
        "0.00625": {
          "rej_rate": 0.0003333333333333333,
          "rej_count": 1,
          "mcse": 0.0003332777731473764,
          "cp_upper95": 0.001580301827458731,
          "bar_1.25g": 0.0078125,
          "pass": true
        }
      }
    },
    "A2IR": {
      "emp_sd_pihat": 0.09056621460755372,
      "mean_boot_null_sd": 0.10990938148016016,
      "sd_ratio": 1.2135803837714236,
      "sd_ratio_flag": "ok(>=1)",
      "floor_binding_s": 0.9043333333333333,
      "floor_binding_r": 0.8683333333333333,
      "rho_tilde_quartiles": {
        "c": [
          0.4378635263442993,
          0.5143241548538209,
          0.5851311492919922
        ],
        "s": [
          0.15,
          0.15,
          0.15
        ],
        "r": [
          0.15,
          0.15,
          0.15
        ]
      },
      "gamma": {
        "0.02500": {
          "rej_rate": 0.008,
          "rej_count": 24,
          "mcse": 0.0016264480727442034,
          "cp_upper95": 0.01123249969360223,
          "bar_1.25g": 0.03125,
          "pass": true
        },
        "0.00625": {
          "rej_rate": 0.0003333333333333333,
          "rej_count": 1,
          "mcse": 0.0003332777731473764,
          "cp_upper95": 0.001580301827458731,
          "bar_1.25g": 0.0078125,
          "pass": true
        }
      }
    },
    "A2": {
      "emp_sd_pihat": 0.09084728969781629,
      "mean_boot_null_sd": 0.10986971220037205,
      "sd_ratio": 1.2093889929554278,
      "sd_ratio_flag": "ok(>=1)",
      "floor_binding_s": 0.9023333333333333,
      "floor_binding_r": 0.8643333333333333,
      "rho_tilde_quartiles": {
        "c": [
          0.43738407611846936,
          0.5153199720382691,
          0.5886536598205567
        ],
        "s": [
          0.15,
          0.15,
          0.15
        ],
        "r": [
          0.15,
          0.15,
          0.15
        ]
      },
      "gamma": {
        "0.02500": {
          "rej_rate": 0.006333333333333333,
          "rej_count": 19,
          "mcse": 0.001448357946345012,
          "cp_upper95": 0.009279320691467637,
          "bar_1.25g": 0.03125,
          "pass": true
        },
        "0.00625": {
          "rej_rate": 0.001,
          "rej_count": 3,
          "mcse": 0.0005770615218501404,
          "cp_upper95": 0.0025825051382936544,
          "bar_1.25g": 0.0078125,
          "pass": true
        }
      }
    },
    "A1": {
      "emp_sd_pihat": 0.08833110668362511,
      "mean_boot_null_sd": 0.10984256217378636,
      "sd_ratio": 1.2435320500082567,
      "sd_ratio_flag": "ok(>=1)",
      "floor_binding_s": 0.9043333333333333,
      "floor_binding_r": 0.861,
      "rho_tilde_quartiles": {
        "c": [
          0.4333280253410338,
          0.5114399766921998,
          0.583256573677063
        ],
        "s": [
          0.15,
          0.15,
          0.15
        ],
        "r": [
          0.15,
          0.15,
          0.15
        ]
      },
      "gamma": {
        "0.02500": {
          "rej_rate": 0.007333333333333333,
          "rej_count": 22,
          "mcse": 0.0015577286408481159,
          "cp_upper95": 0.010455161179697949,
          "bar_1.25g": 0.03125,
          "pass": true
        },
        "0.00625": {
          "rej_rate": 0.0006666666666666666,
          "rej_count": 2,
          "mcse": 0.00047124735975289457,
          "cp_upper95": 0.002097095855532433,
          "bar_1.25g": 0.0078125,
          "pass": true
        }
      }
    }
  }
}