{"analysis":{"alpha_per_test":0.008333333333333333,"c1_coin_pass":true,"c1_floor_pass":true,"c1_keyacc_coin_max":0.5112781954887218,"c1_keyacc_real":0.943609022556391,"c1_keyacc_real_correct_sub":0.9380530973451328,"c1_keyacc_real_fail_sub":0.975,"c1_keyacc_role_max":0.6390977443609023,"c1_min_coin_p":1.9745076708782492e-32,"c1_min_role_p":4.422566855926516e-24,"c1_pass":true,"c1_role_pass":true,"c1_wilson_lb_floor":0.8994702355113462,"c1_wilson_ub":0.9627161691460364,"c2_coin_pass":true,"c2_floor_pass":true,"c2_keyacc_coin_max":0.5037593984962406,"c2_keyacc_real":0.8909774436090225,"c2_keyacc_real_correct_sub":0.8755555555555555,"c2_keyacc_real_fail_sub":0.975609756097561,"c2_keyacc_role_max":0.6203007518796992,"c2_min_coin_p":1.5449108277317297e-23,"c2_min_role_p":5.628535767511062e-18,"c2_pass":true,"c2_role_pass":true,"c2_wilson_lb_floor":0.8367233303696238,"c2_wilson_ub":0.9185613518969891,"confirmed_replicated":true,"floor":0.7,"primary_confirmed":true,"primary_role_generic":false,"refuted":false,"z_floor":2.3939798012415405},"gates":{"acc_text_only":0.8477443609022557,"coin_validity_ok":true,"endpoint_complete":true,"endpoint_complete_c1":true,"endpoint_complete_c2":true,"headroom_ok":true,"instrument_valid":true,"n_c1":266,"n_c2":266,"n_text_scored":532,"nonfinite_count":0,"seeds_observed_c1":[20260720,20260721,20260722],"seeds_observed_c2":[20260723,20260724,20260725],"ties_c1":0,"ties_c2":0}}
