{
 "analysis": {
  "acc_alone_r1_kernel": 0.505,
  "acc_alone_r1_opaque": 0.514,
  "acc_alone_r1_plain": 0.505,
  "acc_alone_r1_plain_padded": 0.504,
  "acc_alone_r3_kernel": 0.691,
  "acc_alone_r3_opaque": 0.512,
  "acc_alone_r3_plain": 0.948,
  "acc_verify_kernel": 0.7446666666666667,
  "acc_verify_opaque": 0.7496666666666666,
  "acc_verify_plain": 0.7526666666666667,
  "acc_verify_plain_padded": 0.748,
  "best_aligned_arm": "plain",
  "best_matched_arm": "plain-padded",
  "diff": -0.008,
  "diff_lb95_1s": -0.014333333333333332,
  "diff_matched": -0.004333333333333333,
  "diff_matched_lb95_1s": -0.01,
  "diff_matched_ub95_1s": 0.0006666666666666671,
  "diff_ub95_1s": -0.0019999999999999996,
  "holm": {
   "f2b_form_effect": 0.05366666666666675,
   "f2b_form_lb95_1s": 0.02966666666666673,
   "f2b_form_positive": true,
   "f2b_form_positive_p": 0.0,
   "shuffled_low_recovery": true,
   "shuffled_low_recovery_p": 0.0,
   "shuffled_recovery_fraction": 0.002781641168288984,
   "shuffled_recovery_ub95": 0.08405438813349819
  },
  "kernel_inferior_beyond_margin": false,
  "kernel_superior_beyond_margin": false,
  "length_effect": -0.0036666666666666666,
  "length_effect_lb95": -0.009666666666666665,
  "length_effect_ub95": 0.0016666666666666666,
  "length_sensitivity": -0.07890567158269697,
  "lift_kernel": 0.23966666666666664,
  "lift_kernel_lb95_1s": 0.221,
  "lift_kernel_ub95_1s": 0.25866666666666666,
  "lift_opaque": 0.23566666666666664,
  "lift_opaque_lb95_1s": 0.21866666666666668,
  "lift_opaque_ub95_1s": 0.2533333333333333,
  "lift_plain": 0.24766666666666662,
  "lift_plain_lb95_1s": 0.22866666666666666,
  "lift_plain_padded": 0.24399999999999997,
  "lift_plain_padded_lb95_1s": 0.2253333333333333,
  "lift_plain_padded_ub95_1s": 0.26266666666666666,
  "lift_plain_ub95_1s": 0.2666666666666666,
  "margin": 0.05,
  "n_seeds": 3,
  "n_skeletons": 1000,
  "per_type_breakdown": {
   "claim-false": {
    "kernel": {
     "acc_alone_r1": 1.0,
     "acc_verify": 1.0,
     "headroom_normalized_lift": null,
     "lift": 0.0
    },
    "n": 357,
    "opaque": {
     "acc_alone_r1": 1.0,
     "acc_verify": 1.0,
     "headroom_normalized_lift": null,
     "lift": 0.0
    },
    "plain": {
     "acc_alone_r1": 1.0,
     "acc_verify": 1.0,
     "headroom_normalized_lift": null,
     "lift": 0.0
    },
    "plain-padded": {
     "acc_alone_r1": 1.0,
     "acc_verify": 1.0,
     "headroom_normalized_lift": null,
     "lift": 0.0
    }
   },
   "claim-true": {
    "kernel": {
     "acc_alone_r1": 0.0,
     "acc_verify": 0.5897435897435899,
     "headroom_normalized_lift": 0.5897435897435899,
     "lift": 0.5897435897435899
    },
    "n": 39,
    "opaque": {
     "acc_alone_r1": 0.0,
     "acc_verify": 0.6324786324786326,
     "headroom_normalized_lift": 0.6324786324786326,
     "lift": 0.6324786324786326
    },
    "plain": {
     "acc_alone_r1": 0.0,
     "acc_verify": 0.5555555555555556,
     "headroom_normalized_lift": 0.5555555555555556,
     "lift": 0.5555555555555556
    },
    "plain-padded": {
     "acc_alone_r1": 0.0,
     "acc_verify": 0.5555555555555556,
     "headroom_normalized_lift": 0.5555555555555556,
     "lift": 0.5555555555555556
    }
   },
   "def-match": {
    "kernel": {
     "acc_alone_r1": 0.23,
     "acc_verify": 0.63,
     "headroom_normalized_lift": 0.5194805194805195,
     "lift": 0.4
    },
    "n": 300,
    "opaque": {
     "acc_alone_r1": 0.27,
     "acc_verify": 0.6377777777777777,
     "headroom_normalized_lift": 0.5038051750380516,
     "lift": 0.36777777777777765
    },
    "plain": {
     "acc_alone_r1": 0.22,
     "acc_verify": 0.6377777777777778,
     "headroom_normalized_lift": 0.5356125356125356,
     "lift": 0.4177777777777778
    },
    "plain-padded": {
     "acc_alone_r1": 0.22333333333333333,
     "acc_verify": 0.6411111111111112,
     "headroom_normalized_lift": 0.5379113018597999,
     "lift": 0.41777777777777786
    }
   },
   "term-match": {
    "kernel": {
     "acc_alone_r1": 0.2598684210526316,
     "acc_verify": 0.5778508771929826,
     "headroom_normalized_lift": 0.4296296296296298,
     "lift": 0.317982456140351
    },
    "n": 304,
    "opaque": {
     "acc_alone_r1": 0.25,
     "acc_verify": 0.5811403508771931,
     "headroom_normalized_lift": 0.4415204678362574,
     "lift": 0.33114035087719307
    },
    "plain": {
     "acc_alone_r1": 0.26973684210526316,
     "acc_verify": 0.6008771929824562,
     "headroom_normalized_lift": 0.45345345345345356,
     "lift": 0.33114035087719307
    },
    "plain-padded": {
     "acc_alone_r1": 0.2631578947368421,
     "acc_verify": 0.5822368421052632,
     "headroom_normalized_lift": 0.43303571428571425,
     "lift": 0.3190789473684211
    }
   }
  },
  "sap": {
   "B": 10000,
   "bounds": "BCa (bias-corrected accelerated), one-sided 95% (length_effect: two-sided 95%)",
   "design": "knull-v2 Option-B four-arm; superiority = ASM-1083 IUT [LB95_1s(D_full) > +0.05] AND [LB95_1s(D_matched) > +0.05], forced false when length_guard_available is false",
   "resampling": "skeleton-level, ONE shared index plan",
   "seed": 20260710
  },
  "tost_equivalent": true
 },
 "descriptive": {},
 "gates": {
  "any_aligned_arm_eligible": true,
  "bridge_kernel_lift": true,
  "difficulty_band_opaque": true,
  "difficulty_band_plain": true,
  "difficulty_band_plain_padded": true,
  "extraction_ok": true,
  "extraction_wilson_lb_kernel": 0.9990989647786165,
  "extraction_wilson_lb_opaque": 0.9990989647786165,
  "extraction_wilson_lb_plain": 0.9990989647786165,
  "extraction_wilson_lb_plain_padded": 0.9990989647786165,
  "flops_parity": true,
  "flops_ratio_opaque": 0.9817910885896765,
  "flops_ratio_plain": 0.5652432440146643,
  "flops_ratio_plain_padded": 0.9740910611803145,
  "instrument_valid": true,
  "length_guard_available": true
 }
}
