{
  "arm": "trainable",
  "seed": 0,
  "tag": "100pct",
  "step": 12207,
  "ckpt": "ckpt-trainable-seed0-100pct.pt",
  "frozenRowsBitIdentical": null,
  "policy": {
    "preset": "a1-hybrid",
    "name": "shadowed-hybrid-recommended",
    "sha256": "e13dc838ac7df709588604f7eb445082ac6776bbc83ae0415456318db504d696"
  },
  "evaluatedConceptSet": {
    "size": 52,
    "vocabConceptTokens": 54,
    "excludedByPolicy": [
      "kind",
      "lost"
    ],
    "policySha256": "e13dc838ac7df709588604f7eb445082ac6776bbc83ae0415456318db504d696",
    "policyPreset": "a1-hybrid",
    "note": "Amendment A1 (docs/poc-design.md Phase M): {kind, lost} are excluded from E1's evaluated/reported concept universe (no defensible deterministic sense winner). Their concept tokens REMAIN in the vocab and their rows remain frozen/controlled in all arms; the mapper still abstains on their surfaces, so they can never be attested or substituted."
  },
  "cloze": {
    "heldOutAccAttested": 0.041666666666666664,
    "devAccAttested": 0.044270833333333336,
    "heldOutAccEvaluated": 0.038461538461538464,
    "devAccEvaluated": 0.040865384615384616,
    "heldOutAccAll54": 0.037037037037037035,
    "devAccAll54": 0.03935185185185185,
    "attestedCount": 48,
    "evaluatedCount": 52,
    "excludedByPolicy": [
      "kind",
      "lost"
    ],
    "chance": 0.018518518518518517,
    "candidateSetSize": 54
  },
  "ppl": {
    "valLoss": 1.7254748344421387,
    "valPpl": 5.615186680806677,
    "conceptSliceLoss": 2.8786993151706537,
    "conceptSlicePpl": 17.791117487135136,
    "conceptTargets": 2213
  },
  "probe": {
    "trainAcc": 0.9583333134651184,
    "testAcc": 0.10185185074806213,
    "chance": 0.018518518518518517,
    "midLayerStateIndex": 1,
    "positionRule": "final word token of the stimulus (non-concept position)"
  }
}