{
  "arm": "kernel-init",
  "seed": 4,
  "tag": "100pct",
  "step": 12207,
  "ckpt": "ckpt-kernel-init-seed4-100pct.pt",
  "frozenRowsBitIdentical": null,
  "policy": {
    "preset": "a1-hybrid",
    "name": "shadowed-hybrid-recommended",
    "sha256": "e13dc838ac7df709588604f7eb445082ac6776bbc83ae0415456318db504d696"
  },
  "evaluatedConceptSet": {
    "size": 52,
    "vocabConceptTokens": 54,
    "excludedByPolicy": [
      "kind",
      "lost"
    ],
    "policySha256": "e13dc838ac7df709588604f7eb445082ac6776bbc83ae0415456318db504d696",
    "policyPreset": "a1-hybrid",
    "note": "Amendment A1 (docs/poc-design.md Phase M): {kind, lost} are excluded from E1's evaluated/reported concept universe (no defensible deterministic sense winner). Their concept tokens REMAIN in the vocab and their rows remain frozen/controlled in all arms; the mapper still abstains on their surfaces, so they can never be attested or substituted."
  },
  "cloze": {
    "heldOutAccAttested": 0.041666666666666664,
    "devAccAttested": 0.052083333333333336,
    "heldOutAccEvaluated": 0.038461538461538464,
    "devAccEvaluated": 0.04807692307692308,
    "heldOutAccAll54": 0.037037037037037035,
    "devAccAll54": 0.046296296296296294,
    "attestedCount": 48,
    "evaluatedCount": 52,
    "excludedByPolicy": [
      "kind",
      "lost"
    ],
    "chance": 0.018518518518518517,
    "candidateSetSize": 54
  },
  "ppl": {
    "valLoss": 1.737006378173828,
    "valPpl": 5.680313234740217,
    "conceptSliceLoss": 2.815197834569452,
    "conceptSlicePpl": 16.69647859426922,
    "conceptTargets": 2270
  },
  "probe": {
    "trainAcc": 0.9814814925193787,
    "testAcc": 0.10648148506879807,
    "chance": 0.018518518518518517,
    "midLayerStateIndex": 1,
    "positionRule": "final word token of the stimulus (non-concept position)"
  }
}