{
  "arm": "kernel-frozen",
  "seed": 3,
  "tag": "100pct",
  "step": 12207,
  "ckpt": "ckpt-kernel-frozen-seed3-100pct.pt",
  "frozenRowsBitIdentical": true,
  "policy": {
    "preset": "a1-hybrid",
    "name": "shadowed-hybrid-recommended",
    "sha256": "e13dc838ac7df709588604f7eb445082ac6776bbc83ae0415456318db504d696"
  },
  "evaluatedConceptSet": {
    "size": 52,
    "vocabConceptTokens": 54,
    "excludedByPolicy": [
      "kind",
      "lost"
    ],
    "policySha256": "e13dc838ac7df709588604f7eb445082ac6776bbc83ae0415456318db504d696",
    "policyPreset": "a1-hybrid",
    "note": "Amendment A1 (docs/poc-design.md Phase M): {kind, lost} are excluded from E1's evaluated/reported concept universe (no defensible deterministic sense winner). Their concept tokens REMAIN in the vocab and their rows remain frozen/controlled in all arms; the mapper still abstains on their surfaces, so they can never be attested or substituted."
  },
  "cloze": {
    "heldOutAccAttested": 0.018229166666666668,
    "devAccAttested": 0.026041666666666668,
    "heldOutAccEvaluated": 0.016826923076923076,
    "devAccEvaluated": 0.02403846153846154,
    "heldOutAccAll54": 0.016203703703703703,
    "devAccAll54": 0.023148148148148147,
    "attestedCount": 48,
    "evaluatedCount": 52,
    "excludedByPolicy": [
      "kind",
      "lost"
    ],
    "chance": 0.018518518518518517,
    "candidateSetSize": 54
  },
  "ppl": {
    "valLoss": 1.709138411283493,
    "valPpl": 5.524199838382764,
    "conceptSliceLoss": 3.2813426088483144,
    "conceptSlicePpl": 26.611477530899176,
    "conceptTargets": 2225
  },
  "probe": {
    "trainAcc": 0.9953703880310059,
    "testAcc": 0.03703703731298447,
    "chance": 0.018518518518518517,
    "midLayerStateIndex": 1,
    "positionRule": "final word token of the stimulus (non-concept position)"
  }
}