{
  "arm": "kernel-frozen",
  "seed": 0,
  "tag": "50pct",
  "step": 6103,
  "ckpt": "ckpt-kernel-frozen-seed0-50pct.pt",
  "frozenRowsBitIdentical": true,
  "policy": {
    "preset": "a1-hybrid",
    "name": "shadowed-hybrid-recommended",
    "sha256": "e13dc838ac7df709588604f7eb445082ac6776bbc83ae0415456318db504d696"
  },
  "evaluatedConceptSet": {
    "size": 52,
    "vocabConceptTokens": 54,
    "excludedByPolicy": [
      "kind",
      "lost"
    ],
    "policySha256": "e13dc838ac7df709588604f7eb445082ac6776bbc83ae0415456318db504d696",
    "policyPreset": "a1-hybrid",
    "note": "Amendment A1 (docs/poc-design.md Phase M): {kind, lost} are excluded from E1's evaluated/reported concept universe (no defensible deterministic sense winner). Their concept tokens REMAIN in the vocab and their rows remain frozen/controlled in all arms; the mapper still abstains on their surfaces, so they can never be attested or substituted."
  },
  "cloze": {
    "heldOutAccAttested": 0.020833333333333332,
    "devAccAttested": 0.020833333333333332,
    "heldOutAccEvaluated": 0.019230769230769232,
    "devAccEvaluated": 0.019230769230769232,
    "heldOutAccAll54": 0.018518518518518517,
    "devAccAll54": 0.018518518518518517,
    "attestedCount": 48,
    "evaluatedCount": 52,
    "excludedByPolicy": [
      "kind",
      "lost"
    ],
    "chance": 0.018518518518518517,
    "candidateSetSize": 54
  },
  "ppl": {
    "valLoss": 1.8918743908405304,
    "valPpl": 6.631787600387261,
    "conceptSliceLoss": 3.589524329004921,
    "conceptSlicePpl": 36.21684452608834,
    "conceptTargets": 2213
  },
  "probe": {
    "trainAcc": 0.9861111044883728,
    "testAcc": 0.0416666679084301,
    "chance": 0.018518518518518517,
    "midLayerStateIndex": 1,
    "positionRule": "final word token of the stimulus (non-concept position)"
  }
}