{
  "arm": "kernel-frozen",
  "seed": 2,
  "tag": "50pct",
  "step": 6103,
  "ckpt": "ckpt-kernel-frozen-seed2-50pct.pt",
  "frozenRowsBitIdentical": true,
  "policy": {
    "preset": "a1-hybrid",
    "name": "shadowed-hybrid-recommended",
    "sha256": "e13dc838ac7df709588604f7eb445082ac6776bbc83ae0415456318db504d696"
  },
  "evaluatedConceptSet": {
    "size": 52,
    "vocabConceptTokens": 54,
    "excludedByPolicy": [
      "kind",
      "lost"
    ],
    "policySha256": "e13dc838ac7df709588604f7eb445082ac6776bbc83ae0415456318db504d696",
    "policyPreset": "a1-hybrid",
    "note": "Amendment A1 (docs/poc-design.md Phase M): {kind, lost} are excluded from E1's evaluated/reported concept universe (no defensible deterministic sense winner). Their concept tokens REMAIN in the vocab and their rows remain frozen/controlled in all arms; the mapper still abstains on their surfaces, so they can never be attested or substituted."
  },
  "cloze": {
    "heldOutAccAttested": 0.020833333333333332,
    "devAccAttested": 0.028645833333333332,
    "heldOutAccEvaluated": 0.019230769230769232,
    "devAccEvaluated": 0.026442307692307692,
    "heldOutAccAll54": 0.018518518518518517,
    "devAccAll54": 0.02546296296296296,
    "attestedCount": 48,
    "evaluatedCount": 52,
    "excludedByPolicy": [
      "kind",
      "lost"
    ],
    "chance": 0.018518518518518517,
    "candidateSetSize": 54
  },
  "ppl": {
    "valLoss": 1.8855254352092743,
    "valPpl": 6.589816053886401,
    "conceptSliceLoss": 3.6343710437766523,
    "conceptSlicePpl": 37.8780217860345,
    "conceptTargets": 2345
  },
  "probe": {
    "trainAcc": 0.9953703880310059,
    "testAcc": 0.05092592537403107,
    "chance": 0.018518518518518517,
    "midLayerStateIndex": 1,
    "positionRule": "final word token of the stimulus (non-concept position)"
  }
}