{
  "rule": "seed 0 only, best of sweep by val loss, then fixed for all seeds (poc-design Common rule 5)",
  "selected": {
    "kernel-frozen": {
      "lr": 0.001,
      "valLoss": 1.8356323897838593
    },
    "kernel-init": {
      "lr": 0.001,
      "valLoss": 1.8263658702373504
    },
    "random-frozen": {
      "lr": 0.001,
      "valLoss": 1.8333906769752502
    },
    "shuffled-frozen": {
      "lr": 0.001,
      "valLoss": 1.8379347801208497
    },
    "trainable": {
      "lr": 0.001,
      "valLoss": 1.8267975807189942
    }
  }
}