{
  "arm": "trainable",
  "seed": 0,
  "lr": 0.001,
  "steps": 200,
  "tokens": 409600,
  "budgetFrac": 1.0,
  "nonEmbeddingParams": 67072,
  "vocabSize": 432,
  "device": "cpu",
  "frozen": false,
  "frozenRowsBitIdentical": null,
  "final": {
    "valLoss": 1.4531065622965496,
    "valPpl": 4.276378738387936,
    "conceptSliceLoss": 2.8700438908168246,
    "conceptSlicePpl": 17.63779231996072,
    "conceptTargets": 7
  },
  "wallSeconds": 9.179451942443848
}