{
  "arm": "kernel-init",
  "seed": 0,
  "lr": 0.001,
  "steps": 200,
  "tokens": 409600,
  "budgetFrac": 1.0,
  "nonEmbeddingParams": 67072,
  "vocabSize": 432,
  "device": "cpu",
  "frozen": false,
  "frozenRowsBitIdentical": null,
  "final": {
    "valLoss": 1.4527870814005535,
    "valPpl": 4.275012735294542,
    "conceptSliceLoss": 2.8812901633126393,
    "conceptSlicePpl": 17.83727133380719,
    "conceptTargets": 7
  },
  "wallSeconds": 4.769076585769653
}