{
  "arm": "trainable",
  "seed": 1,
  "lr": 0.001,
  "steps": 200,
  "tokens": 409600,
  "budgetFrac": 1.0,
  "nonEmbeddingParams": 67072,
  "vocabSize": 432,
  "device": "cpu",
  "frozen": false,
  "frozenRowsBitIdentical": null,
  "final": {
    "valLoss": 1.4598204294840496,
    "valPpl": 4.305186374390944,
    "conceptSliceLoss": 2.850775957107544,
    "conceptSlicePpl": 17.30120162367519,
    "conceptTargets": 8
  },
  "wallSeconds": 9.365657091140747
}