{
  "arm": "shuffled-frozen",
  "seed": 0,
  "lr": 0.001,
  "steps": 200,
  "tokens": 409600,
  "budgetFrac": 1.0,
  "nonEmbeddingParams": 67072,
  "vocabSize": 432,
  "device": "cpu",
  "frozen": true,
  "frozenRowsBitIdentical": true,
  "final": {
    "valLoss": 1.5242547988891602,
    "valPpl": 4.59172053879585,
    "conceptSliceLoss": 6.506491524832589,
    "conceptSlicePpl": 669.4734613460655,
    "conceptTargets": 7
  },
  "wallSeconds": 9.228412628173828
}