{
  "arm": "random-frozen",
  "seed": 0,
  "lr": 0.001,
  "steps": 200,
  "tokens": 409600,
  "budgetFrac": 1.0,
  "nonEmbeddingParams": 67072,
  "vocabSize": 432,
  "device": "cpu",
  "frozen": true,
  "frozenRowsBitIdentical": true,
  "final": {
    "valLoss": 1.5221672058105469,
    "valPpl": 4.582144893283371,
    "conceptSliceLoss": 5.958892277308872,
    "conceptSlicePpl": 387.1809974284864,
    "conceptTargets": 7
  },
  "wallSeconds": 7.599797487258911
}