{
  "arm": "random-frozen",
  "seed": 1,
  "lr": 0.001,
  "steps": 200,
  "tokens": 409600,
  "budgetFrac": 1.0,
  "nonEmbeddingParams": 67072,
  "vocabSize": 432,
  "device": "cpu",
  "frozen": true,
  "frozenRowsBitIdentical": true,
  "final": {
    "valLoss": 1.5596709251403809,
    "valPpl": 4.757255494343399,
    "conceptSliceLoss": 6.643696308135986,
    "conceptSlicePpl": 767.9282529425623,
    "conceptTargets": 8
  },
  "wallSeconds": 6.17206597328186
}