{
  "arm": "shuffled-frozen",
  "seed": 1,
  "lr": 0.001,
  "steps": 200,
  "tokens": 409600,
  "budgetFrac": 1.0,
  "nonEmbeddingParams": 67072,
  "vocabSize": 432,
  "device": "cpu",
  "frozen": true,
  "frozenRowsBitIdentical": true,
  "final": {
    "valLoss": 1.5563896497090657,
    "valPpl": 4.74167121091518,
    "conceptSliceLoss": 6.656248092651367,
    "conceptSlicePpl": 777.6278692986032,
    "conceptTargets": 8
  },
  "wallSeconds": 5.651679515838623
}