{
  "arm": "kernel-init",
  "seed": 1,
  "lr": 0.001,
  "steps": 200,
  "tokens": 409600,
  "budgetFrac": 1.0,
  "nonEmbeddingParams": 67072,
  "vocabSize": 432,
  "device": "cpu",
  "frozen": false,
  "frozenRowsBitIdentical": null,
  "final": {
    "valLoss": 1.45374329884847,
    "valPpl": 4.279102532118011,
    "conceptSliceLoss": 2.880032539367676,
    "conceptSlicePpl": 17.81485285422814,
    "conceptTargets": 8
  },
  "wallSeconds": 4.93494725227356
}