{"analysis":{"acc_a0":0.3333333333333333,"acc_ad":0.2777777777777778,"acc_ag":0.3333333333333333,"acc_an":0.43555555555555553,"acc_au":0.3333333333333333,"acc_au_minus_a0_360m_sign":1,"ad_coincidence_rate":0.25,"cost_ledger":{"checker_us_mean":1.3060046956668196,"flops_formula_total":4690362843531648,"gpu_hours":0.16915156202527779,"tokens_in_total":9438741,"tokens_out_total":23721,"usd_per_query":9.844799940345387e-06,"usd_total":0.1860667188725278},"dangerous_wrong_a0":0.6666666666666666,"dangerous_wrong_au":0.4444444444444444,"floor_max_trivial_au":0.6666666666666666,"holm_adjusted_p":{"s1":1.0,"s2":1.0,"s3":1.0,"s4":1.0,"s5":0.0004999500049995},"holm_order":["s5","s1","s2","s3","s4"],"kill_u1_fired":true,"kill_u2_fired":false,"oop_probe_refusal_correctness":1.0,"p_values":{"s1":1.0,"s2":1.0,"s3":1.0,"s4":1.0,"s5":9.999000099990002e-05},"per_disposition_breakdown":{"CONTRADICTED":{"A0":0.0,"AD":0.0,"AG":0.0,"AN":0.19833333333333333,"AU":0.0},"ENTAILED":{"A0":1.0,"AD":0.8333333333333334,"AG":1.0,"AN":0.5833333333333334,"AU":1.0},"UNDERDETERMINED":{"A0":0.0,"AD":0.0,"AG":0.0,"AN":0.525,"AU":0.0}},"per_family_breakdown":{"F-ANTI":{"A0":0.3333333333333333,"AD":0.3333333333333333,"AG":0.3333333333333333,"AN":0.5911111111111111,"AU":0.3333333333333333},"F-DISJ":{"A0":0.3333333333333333,"AD":0.3333333333333333,"AG":0.3333333333333333,"AN":0.48,"AU":0.3333333333333333},"F-RIG":{"A0":0.3333333333333333,"AD":0.3333333333333333,"AG":0.3333333333333333,"AN":0.3377777777777778,"AU":0.3333333333333333},"F-SPEC":{"A0":0.3333333333333333,"AD":0.1111111111111111,"AG":0.3333333333333333,"AN":0.3333333333333333,"AU":0.3333333333333333}},"primary_lift_lb95":0.0,"primary_p":1.0,"primary_pass":false,"rejection_rates":{"AD":0.08333333333333333,"AG":0.0,"AN":0.875,"AU":0.3333333333333333},"retry_rates":{"AD":0.08333333333333333,"AG":0.0,"AN":0.875,"AU":0.3333333333333333},"s1_content_over_bit_lb95":-0.36666666666666664,"s1_pass":false,"s2_pass":false,"s2_vs_null_lb95":-0.13333333333333328,"s3_deranged_recovery_ub95":null,"s3_pass":false,"s4_pass":false,"s4_vs_gufo_lb95":0.0,"s5_dangerous_wrong_increase_ub95":-0.2011111111111107,"s5_pass":true},"gates":{"ad_coincidence_ok":true,"an_nondegenerate":true,"an_representation_match":true,"completeness_valid":true,"engagement_valid":true,"extraction_ok":true,"extraction_wilson_lb":0.9997967895134401,"fixtures_deterministic":true,"headroom_valid":true,"rejection_message_clean":true,"token_parity_ratios":{"AD":1.008379491549496,"AG":null,"AN":0.8095440988495952},"token_parity_valid":false}}
