{
 "band": 0.2,
 "mean_tokens": {
  "AD": 58.42,
  "AG": 57.0,
  "AN": 57.0,
  "AU": 62.32
 },
 "pad_counts": {
  "AD": 1,
  "AG": 3,
  "AN": 3
 },
 "ratios": {
  "AD": 0.9374197689345315,
  "AG": 0.9146341463414634,
  "AN": 0.9146341463414634
 },
 "tokenizer": {
  "path_basename": "tokenizer.json",
  "sha256": "9ca9acddb6525a194ec8ac7a87f24fbba7232a9a15ffa1af0c1224fcd888e47c"
 }
}
