{"analysis":{"acc_alone_r1":0.492,"acc_alone_r3":0.6,"acc_gloss_self_verify_bestk":0.4893333333333334,"acc_prm":0.5266666666666665,"acc_shuffled_bestk":0.48666666666666664,"acc_text_null":0.492,"acc_verify_bestk":0.7506666666666666,"beats_gloss_self_verify":true,"beats_text_null":true,"best_retry_budget":4,"competitor_closes_asmuch":false,"cost_ratio_vs_R3":0.10309731202870343,"effect_ci_high":0.20266666666666633,"effect_ci_low":0.09733333333333316,"effect_size":0.15066666666666662,"gap_ci_high":3.759259259259267,"gap_ci_low":1.6666666666666696,"gap_closed_fraction_r1r3":2.3950617283950613,"gap_lower_onesided95":1.7619047619047612,"gold_oracle_acc_bestk":null,"gold_oracle_gap":null,"gold_oracle_gap_ci_high":null,"gold_oracle_gap_ci_low":null,"holm":{"beats_gloss_self_verify":true,"beats_gloss_self_verify_p":9.999000099990002e-05,"beats_text_null":true,"beats_text_null_p":9.999000099990002e-05,"gap_r1r3_gt_half":true,"gap_r1r3_gt_half_p":9.999000099990002e-05,"gap_r1r3_gt_one":true,"gap_r1r3_gt_one_p":9.999000099990002e-05,"prm_beaten":true,"prm_beaten_p":9.999000099990002e-05,"shuffled_low_recovery":true,"shuffled_low_recovery_p":9.999000099990002e-05},"n_items":250,"primary_lower_onesided95":0.10533333333333361,"primary_p":9.999000099990002e-05,"primary_reject":true,"ratio_secondaries_valid":true,"recovery_defined_fraction":1.0,"seed_sign_consistent":true,"separation_gap":0.10799999999999998,"separation_lower_onesided95":0.07199999999999995,"shuffled_recovers_geq_30":false,"shuffled_recovery_fraction":-0.020618556701031025,"shuffled_recovery_ub95":0.10762331838564983,"tost_equivalence_pass":false},"gates":{"instrument_valid":true,"separation_valid":true}}
