{"analysis":{"acc_ext_alone_r1":0.396,"acc_ext_alone_r3":0.624,"acc_ext_gloss_k4":0.4,"acc_ext_shuffled_k4":0.40266666666666656,"acc_ext_verify_k4":0.6466666666666671,"acc_mem_alone_r1":0.372,"acc_mem_verify_k4":0.6280000000000003,"competitor_closes_asmuch":false,"cost_ratio_vs_R3":0.08718033410533695,"delta_vs_r3":0.022666666666667057,"delta_vs_r3_lower_onesided95":-0.02000000000000024,"dual_scoring_gap":0.005333333333333301,"dual_scoring_gap_ci_high":0.01333333333333342,"dual_scoring_gap_ci_low":-1.1102230246251565e-16,"effect_ci_high":0.29333333333333383,"effect_ci_low":0.21333333333333365,"effect_size":0.25066666666666704,"engagement_attempt0_reject_rate":0.628,"engagement_decidable_fraction":1.0,"engagement_final_differs_attempt0":203,"external_endorsement":0.960960960960961,"external_endorsement_lb":0.9394631897570641,"holm":{"beats_gloss_self_verify":true,"beats_gloss_self_verify_p":9.999000099990002e-05,"noninferiority_vs_r3":false,"noninferiority_vs_r3_p":0.20827917208279173,"shuffled_low_recovery":true,"shuffled_low_recovery_p":9.999000099990002e-05},"judge_pair_agreement":0.9025069637883009,"lift_mem":0.25600000000000034,"n_adjudicated":360,"n_eval_items":250,"n_ext_labelled":333,"n_undecided":0,"n_unresolved_disagreement":27,"primary_lower_onesided95":0.22000000000000003,"primary_p":9.999000099990002e-05,"primary_reject":true,"recovery_defined_fraction":1.0,"seed_sign_consistent":true,"separation_gap":0.22799999999999998,"separation_lower_onesided95":0.17999999999999994,"shuffled_recovers_geq_30":false,"shuffled_recovery_fraction":0.02659574468085053,"shuffled_recovery_ub95":0.06145251396648084,"stage1_endorsement_fail":false,"tost_equivalence_pass":false,"transfer_ratio":0.9791666666666669},"gates":{"adjudication_valid":true,"engagement_valid":true,"headroom_valid":true,"instrument_valid":true,"separation_valid":true}}
