{
  "pass": true,
  "recordBytes": {
    "maxB": 2834,
    "meanB": 2434.287639132982,
    "medianB": 2420,
    "n": 3414,
    "p90B": 2605
  },
  "transcriptBytes": {
    "maxB": 1975,
    "meanB": 1343.2343292325718,
    "medianB": 1318,
    "n": 3414,
    "p90B": 1547
  }
}
