{
  "arm": "kernel-frozen",
  "seed": 1,
  "lr": 0.001,
  "steps": 200,
  "tokens": 409600,
  "budgetFrac": 1.0,
  "nonEmbeddingParams": 67072,
  "vocabSize": 432,
  "device": "cpu",
  "frozen": true,
  "frozenRowsBitIdentical": true,
  "final": {
    "valLoss": 1.5575017929077148,
    "valPpl": 4.746947561787654,
    "conceptSliceLoss": 6.579835891723633,
    "conceptSlicePpl": 720.4210924838634,
    "conceptTargets": 8
  },
  "wallSeconds": 6.544788122177124
}