{
  "arm": "kernel-frozen",
  "seed": 0,
  "lr": 0.001,
  "steps": 200,
  "tokens": 409600,
  "budgetFrac": 1.0,
  "nonEmbeddingParams": 67072,
  "vocabSize": 432,
  "device": "cpu",
  "frozen": true,
  "frozenRowsBitIdentical": true,
  "final": {
    "valLoss": 1.533737341562907,
    "valPpl": 4.635468819404879,
    "conceptSliceLoss": 6.510825020926339,
    "conceptSlicePpl": 672.3809171498921,
    "conceptTargets": 7
  },
  "wallSeconds": 9.583579063415527
}