{"analysis":{"acc_ext_alone_r1":0.3933933933933934,"acc_ext_gra_lite":0.42042042042042044,"acc_ext_grd_lite":0.4084084084084089,"acc_ext_gsa_verify_k4":0.6780780780780785,"acc_ext_kernel_verify_k4":0.6780780780780785,"acc_mem_alone_r1":0.37237237237237236,"acc_mem_gsa_verify_k4":0.660660660660661,"bridge_lift":0.2846846846846851,"bridge_lift_lower_onesided95":0.2552552552552559,"delta_align":0.2696696696696696,"delta_align_ci90_high":0.29429429429429416,"delta_align_ci90_low":0.24504504504504537,"delta_align_lower_holm_floor":0.23603603603603662,"delta_align_lower_onesided95":0.24504504504504537,"delta_align_p":9.999000099990002e-05,"delta_align_p_holm":0.00039996000399960006,"engagement_attempt0_reject_rate":0.6276276276276276,"engagement_decidable_fraction":1.0,"engagement_final_differs_attempt0":586,"eval_item_ids_sha256":"480cc9ab95c6844bdd91ffdd00bd6ba366cbf783a9455229bb8897ea7ce6457d","grd_accept_attempt_hist":[869,240,57,0,51],"grd_acceptance_rate":0.730930930930931,"grd_agree_hist":[899,1899,489,728],"grd_exhaustion_rate":0.2690690690690691,"grd_generations_total":16060,"grd_minus_gra":-0.01201201201201152,"gsa_kernel_identity_fraction":1.0,"gsa_minus_gra":0.2576576576576581,"holm":{"bridge_lift":true,"bridge_lift_p":9.999000099990002e-05,"bridge_lift_p_adjusted":0.00039996000399960006,"delta_align":true,"delta_align_p":9.999000099990002e-05,"delta_align_p_adjusted":0.00039996000399960006,"grd_minus_gra":false,"grd_minus_gra_p":0.811918808119188,"grd_minus_gra_p_adjusted":0.811918808119188,"gsa_minus_gra":true,"gsa_minus_gra_p":9.999000099990002e-05,"gsa_minus_gra_p_adjusted":0.00039996000399960006},"inconclusive_underpowered":false,"kernel_arm_present":true,"n_eval_items":333,"n_seeds":5,"per_type":{"claim-false":{"acc_ext_alone":0.9634146341463414,"acc_ext_gra":0.9634146341463414,"acc_ext_grd":0.9634146341463414,"acc_ext_gsa":0.9634146341463414,"n":82},"claim-true":{"acc_ext_alone":0.20833333333333334,"acc_ext_gra":0.20833333333333334,"acc_ext_grd":0.20833333333333334,"acc_ext_gsa":0.2041666666666667,"n":48},"def-match":{"acc_ext_alone":0.24752475247524752,"acc_ext_gra":0.32673267326732675,"acc_ext_grd":0.25742574257425715,"acc_ext_gsa":0.738613861386138,"n":101},"term-match":{"acc_ext_alone":0.16666666666666666,"acc_ext_gra":0.17647058823529413,"acc_ext_grd":0.2058823529411763,"acc_ext_gsa":0.6117647058823528,"n":102}},"recovery_defined_fraction":1.0,"recovery_rag":0.052742616033756934,"retrieval_hit_at_j_rate":0.954954954954955,"retrieval_mean_context_tokens":487.34834834834834,"retrieval_mean_selected_docs":9.801801801801801,"retrieval_zero_hit_count":0,"seed_sign_consistent_bridge":true,"superiority_pass":true,"tost_equivalence_pass":false},"gates":{"bridge_valid":true,"engagement_valid":true,"headroom_valid":true,"instrument_valid":true}}
