{
  "config_index": 27,
  "label": "F3",
  "kind": "fwer",
  "rho": 0.1,
  "regime": "gaussian",
  "n_nat": 48,
  "n_nonce": 96,
  "R": 600,
  "truth_set": [
    "C-CON-SUP-A1",
    "C-CON-SUP-A2",
    "C-CON-SUP-A2IR",
    "C-CON-SUP-H",
    "C-DEF-NSUP",
    "C-DEF-SUP",
    "C-GRAPH"
  ],
  "fwer_events": 6,
  "fwer_hat": 0.01,
  "fwer_mcse": 0.00406201920231798,
  "fwer_cp_upper95": 0.01964133024229399,
  "claim_rej_rate": {
    "C-VAL": 0.9933333333333333,
    "C-DEF-NSUP": 0.0,
    "C-DEF-SUP": 0.0,
    "C-CON-SUP-H": 0.0033333333333333335,
    "C-CON-SUP-A2IR": 0.0016666666666666668,
    "C-CON-SUP-A2": 0.0,
    "C-CON-SUP-A1": 0.005,
    "C-GRAPH": 0.0,
    "C-FMT-H": 0.0,
    "C-FMT-A2IR": 0.0,
    "C-FMT-A2": 0.0,
    "C-FMT-A1": 0.0
  },
  "stage2_rate": 0.01,
  "elapsed_s": 115.19536709785461,
  "sec_per_rep": 0.19199227849642436
}