{
  "config_index": 45,
  "label": "F5",
  "kind": "fwer",
  "rho": 0.1,
  "regime": "gaussian",
  "n_nat": 48,
  "n_nonce": 96,
  "R": 600,
  "truth_set": [
    "C-CON-SUP-A1",
    "C-CON-SUP-A2",
    "C-CON-SUP-A2IR",
    "C-CON-SUP-H",
    "C-DEF-NSUP",
    "C-DEF-SUP",
    "C-GRAPH"
  ],
  "fwer_events": 22,
  "fwer_hat": 0.03666666666666667,
  "fwer_mcse": 0.007672702937711741,
  "fwer_cp_upper95": 0.05194584446318109,
  "claim_rej_rate": {
    "C-VAL": 0.9983333333333333,
    "C-DEF-NSUP": 0.0,
    "C-DEF-SUP": 0.0,
    "C-CON-SUP-H": 0.018333333333333333,
    "C-CON-SUP-A2IR": 0.02,
    "C-CON-SUP-A2": 0.0,
    "C-CON-SUP-A1": 0.0,
    "C-GRAPH": 0.0016666666666666668,
    "C-FMT-H": 0.0033333333333333335,
    "C-FMT-A2IR": 0.0,
    "C-FMT-A2": 0.0,
    "C-FMT-A1": 0.0
  },
  "stage2_rate": 0.03666666666666667,
  "elapsed_s": 121.90976762771606,
  "sec_per_rep": 0.20318294604619344
}